time,Temperatura_C,Umidade_Relativa_%,Velocidade_Vento_kmh,Radiacao_Solar_Wm2,Temperatura_C_MM24h,Umidade_Relativa_%_MM24h,Velocidade_Vento_kmh_MM24h,Radiacao_Solar_Wm2_MM24h,Indice_Calor_C
2026-06-18 00:00:00,10.7,93,15.0,0.0,10.7,93.0,15.0,0.0,10.7
2026-06-18 01:00:00,10.4,93,15.1,0.0,10.55,93.0,15.05,0.0,10.4
2026-06-18 02:00:00,10.0,93,15.1,0.0,10.366666666666667,93.0,15.066666666666668,0.0,10.0
2026-06-18 03:00:00,9.5,94,15.5,0.0,10.15,93.25,15.175,0.0,9.5
2026-06-18 04:00:00,9.5,93,14.8,0.0,10.02,93.2,15.1,0.0,9.5
2026-06-18 05:00:00,9.4,92,15.5,0.0,9.916666666666666,93.0,15.166666666666666,0.0,9.4
2026-06-18 06:00:00,9.3,91,16.9,0.0,9.828571428571427,92.71428571428571,15.414285714285715,0.0,9.3
2026-06-18 07:00:00,9.1,91,16.8,0.0,9.7375,92.5,15.5875,0.0,9.1
2026-06-18 08:00:00,8.9,91,17.5,4.0,9.644444444444444,92.33333333333333,15.799999999999999,0.4444444444444444,8.9
2026-06-18 09:00:00,10.2,84,16.7,81.0,9.7,91.5,15.89,8.5,10.2
2026-06-18 10:00:00,12.0,81,13.5,181.0,9.909090909090908,90.54545454545455,15.672727272727274,24.181818181818183,12.0
2026-06-18 11:00:00,13.6,76,14.2,256.0,10.216666666666667,89.33333333333333,15.549999999999999,43.5,13.6
2026-06-18 12:00:00,15.9,68,15.0,412.0,10.653846153846153,87.6923076923077,15.507692307692308,71.84615384615384,15.9
2026-06-18 13:00:00,17.0,65,14.2,383.0,11.107142857142858,86.07142857142857,15.414285714285715,94.07142857142857,17.0
2026-06-18 14:00:00,17.7,66,13.6,298.0,11.546666666666665,84.73333333333333,15.293333333333333,107.66666666666667,17.7
2026-06-18 15:00:00,18.1,68,13.5,291.0,11.95625,83.6875,15.18125,119.125,18.1
2026-06-18 16:00:00,17.9,68,18.0,209.0,12.305882352941175,82.76470588235294,15.34705882352941,124.41176470588235,17.9
2026-06-18 17:00:00,17.4,69,20.7,112.0,12.588888888888889,82.0,15.644444444444446,123.72222222222223,17.4
2026-06-18 18:00:00,16.7,67,18.9,23.0,12.805263157894737,81.21052631578948,15.81578947368421,118.42105263157895,16.7
2026-06-18 19:00:00,16.4,63,19.0,0.0,12.985,80.3,15.975,112.5,16.4
2026-06-18 20:00:00,16.1,60,16.1,0.0,13.133333333333335,79.33333333333333,15.980952380952383,107.14285714285714,16.1
2026-06-18 21:00:00,16.2,58,20.2,0.0,13.272727272727273,78.36363636363636,16.172727272727272,102.27272727272727,16.2
2026-06-18 22:00:00,15.3,69,13.0,0.0,13.360869565217392,77.95652173913044,16.034782608695654,97.82608695652173,15.3
2026-06-18 23:00:00,13.0,92,15.0,0.0,13.345833333333333,78.54166666666667,15.991666666666667,93.75,13.0
2026-06-19 00:00:00,12.5,94,14.9,0.0,13.420833333333334,78.58333333333333,15.987499999999999,93.75,12.5
2026-06-19 01:00:00,12.4,95,9.8,0.0,13.504166666666665,78.66666666666667,15.766666666666666,93.75,12.4
2026-06-19 02:00:00,12.4,96,13.8,0.0,13.604166666666666,78.79166666666667,15.7125,93.75,12.4
2026-06-19 03:00:00,13.0,94,14.6,0.0,13.75,78.79166666666667,15.674999999999999,93.75,13.0
2026-06-19 04:00:00,12.8,95,15.8,0.0,13.887499999999998,78.875,15.716666666666667,93.75,12.8
2026-06-19 05:00:00,13.0,95,12.3,0.0,14.0375,79.0,15.583333333333334,93.75,13.0
2026-06-19 06:00:00,13.1,96,9.9,0.0,14.195833333333333,79.20833333333333,15.291666666666666,93.75,13.1
2026-06-19 07:00:00,13.1,97,11.3,0.0,14.362500000000002,79.45833333333333,15.0625,93.75,13.1
2026-06-19 08:00:00,13.2,98,9.0,1.0,14.541666666666666,79.75,14.708333333333334,93.625,13.2
2026-06-19 09:00:00,13.2,99,6.8,16.0,14.666666666666666,80.375,14.295833333333334,90.91666666666667,13.2
2026-06-19 10:00:00,14.2,94,15.4,178.0,14.758333333333333,80.91666666666667,14.375,90.79166666666667,14.2
2026-06-19 11:00:00,13.6,87,20.1,169.0,14.758333333333333,81.375,14.620833333333332,87.16666666666667,13.6
2026-06-19 12:00:00,13.8,82,17.1,132.0,14.670833333333334,81.95833333333333,14.708333333333334,75.5,13.8
2026-06-19 13:00:00,14.5,75,18.4,253.0,14.566666666666668,82.375,14.883333333333333,70.08333333333333,14.5
2026-06-19 14:00:00,14.3,74,19.7,195.0,14.424999999999999,82.70833333333333,15.137500000000001,65.79166666666667,14.3
2026-06-19 15:00:00,13.5,75,21.6,188.0,14.233333333333333,83.0,15.475000000000001,61.5,13.5
2026-06-19 16:00:00,13.7,74,20.6,104.0,14.058333333333335,83.25,15.583333333333334,57.125,13.7
2026-06-19 17:00:00,13.5,74,16.2,66.0,13.895833333333334,83.45833333333333,15.395833333333334,55.208333333333336,13.5
2026-06-19 18:00:00,12.8,78,9.5,22.0,13.733333333333333,83.91666666666667,15.004166666666668,55.166666666666664,12.8
2026-06-19 19:00:00,12.3,82,6.0,0.0,13.5625,84.70833333333333,14.4625,55.166666666666664,12.3
2026-06-19 20:00:00,10.9,88,5.5,0.0,13.345833333333333,85.875,14.020833333333334,55.166666666666664,10.9
2026-06-19 21:00:00,9.5,94,5.1,0.0,13.066666666666668,87.375,13.391666666666666,55.166666666666664,9.5
2026-06-19 22:00:00,9.0,96,4.0,0.0,12.804166666666667,88.5,13.016666666666666,55.166666666666664,9.0
2026-06-19 23:00:00,8.4,97,5.6,0.0,12.612499999999999,88.70833333333333,12.625,55.166666666666664,8.4
2026-06-20 00:00:00,7.7,97,4.3,0.0,12.4125,88.83333333333333,12.183333333333335,55.166666666666664,7.7
2026-06-20 01:00:00,7.0,98,4.3,0.0,12.1875,88.95833333333333,11.954166666666666,55.166666666666664,7.0
2026-06-20 02:00:00,6.1,100,3.8,0.0,11.924999999999999,89.125,11.5375,55.166666666666664,6.1
2026-06-20 03:00:00,5.4,100,5.6,0.0,11.608333333333333,89.375,11.162500000000001,55.166666666666664,5.4
2026-06-20 04:00:00,4.6,100,6.2,0.0,11.266666666666667,89.58333333333333,10.762500000000001,55.166666666666664,4.6
2026-06-20 05:00:00,4.1,100,5.2,0.0,10.895833333333334,89.79166666666667,10.466666666666667,55.166666666666664,4.1
2026-06-20 06:00:00,3.8,100,5.1,0.0,10.508333333333333,89.95833333333333,10.266666666666667,55.166666666666664,3.8
2026-06-20 07:00:00,4.0,98,6.0,0.0,10.129166666666666,90.0,10.045833333333334,55.166666666666664,4.0
2026-06-20 08:00:00,4.3,98,7.4,3.0,9.758333333333333,90.0,9.979166666666668,55.25,4.3
2026-06-20 09:00:00,3.9,96,6.9,65.0,9.370833333333334,89.875,9.983333333333333,57.291666666666664,3.9
2026-06-20 10:00:00,5.8,92,7.5,157.0,9.020833333333334,89.79166666666667,9.654166666666667,56.416666666666664,5.8
2026-06-20 11:00:00,7.7,90,8.0,257.0,8.775,89.91666666666667,9.15,60.083333333333336,7.7
2026-06-20 12:00:00,10.1,79,8.1,389.0,8.620833333333334,89.79166666666667,8.775,70.79166666666667,10.1
2026-06-20 13:00:00,11.3,69,7.2,487.0,8.487499999999999,89.54166666666667,8.308333333333334,80.54166666666667,11.3
2026-06-20 14:00:00,11.8,67,7.5,476.0,8.383333333333333,89.25,7.8,92.25,11.8
2026-06-20 15:00:00,12.7,66,5.0,417.0,8.35,88.875,7.108333333333333,101.79166666666667,12.7
2026-06-20 16:00:00,12.6,66,3.8,325.0,8.304166666666667,88.54166666666667,6.408333333333334,111.0,12.6
2026-06-20 17:00:00,12.0,69,6.4,182.0,8.241666666666667,88.33333333333333,6.0,115.83333333333333,12.0
2026-06-20 18:00:00,9.8,81,6.1,36.0,8.116666666666665,88.45833333333333,5.858333333333334,116.41666666666667,9.8
2026-06-20 19:00:00,8.8,84,10.0,0.0,7.970833333333334,88.54166666666667,6.025000000000001,116.41666666666667,8.8
2026-06-20 20:00:00,8.2,83,10.2,0.0,7.858333333333333,88.33333333333333,6.220833333333334,116.41666666666667,8.2
2026-06-20 21:00:00,7.4,85,10.7,0.0,7.770833333333333,87.95833333333333,6.454166666666666,116.41666666666667,7.4
2026-06-20 22:00:00,6.8,88,10.3,0.0,7.679166666666667,87.625,6.716666666666666,116.41666666666667,6.8
2026-06-20 23:00:00,6.4,90,11.1,0.0,7.595833333333334,87.33333333333333,6.945833333333333,116.41666666666667,6.4
2026-06-21 00:00:00,6.1,91,12.6,0.0,7.529166666666668,87.08333333333333,7.291666666666667,116.41666666666667,6.1
2026-06-21 01:00:00,6.0,91,11.1,0.0,7.487500000000001,86.79166666666667,7.575,116.41666666666667,6.0
2026-06-21 02:00:00,5.2,93,5.6,0.0,7.449999999999999,86.5,7.6499999999999995,116.41666666666667,5.2
2026-06-21 03:00:00,4.3,95,4.5,0.0,7.404166666666668,86.29166666666667,7.604166666666667,116.41666666666667,4.3
2026-06-21 04:00:00,4.1,96,8.2,0.0,7.383333333333333,86.125,7.6875,116.41666666666667,4.1
2026-06-21 05:00:00,3.9,96,6.6,0.0,7.375,85.95833333333333,7.745833333333333,116.41666666666667,3.9
2026-06-21 06:00:00,3.6,96,5.9,0.0,7.366666666666667,85.79166666666667,7.779166666666666,116.41666666666667,3.6
2026-06-21 07:00:00,3.8,96,8.1,0.0,7.358333333333334,85.70833333333333,7.866666666666666,116.41666666666667,3.8
2026-06-21 08:00:00,4.0,96,8.3,4.0,7.345833333333334,85.625,7.904166666666666,116.45833333333333,4.0
2026-06-21 09:00:00,5.7,95,8.9,103.0,7.420833333333333,85.58333333333333,7.987500000000001,118.04166666666667,5.7
2026-06-21 10:00:00,8.5,90,4.3,262.0,7.533333333333334,85.5,7.854166666666667,122.41666666666667,8.5
2026-06-21 11:00:00,11.2,83,3.6,429.0,7.679166666666666,85.20833333333333,7.670833333333333,129.58333333333334,11.2
2026-06-21 12:00:00,13.1,76,5.0,501.0,7.804166666666666,85.08333333333333,7.541666666666667,134.25,13.1
2026-06-21 13:00:00,14.3,67,5.6,554.0,7.929166666666667,85.0,7.4750000000000005,137.04166666666666,14.3
2026-06-21 14:00:00,14.6,64,5.0,346.0,8.045833333333333,84.875,7.370833333333334,131.625,14.6
2026-06-21 15:00:00,15.1,60,3.8,293.0,8.145833333333332,84.625,7.320833333333333,126.45833333333333,15.1
2026-06-21 16:00:00,15.0,61,4.0,225.0,8.245833333333332,84.41666666666667,7.329166666666666,122.29166666666667,15.0
2026-06-21 17:00:00,14.2,70,3.9,150.0,8.3375,84.45833333333333,7.2250000000000005,120.95833333333333,14.2
2026-06-21 18:00:00,13.1,75,6.2,9.0,8.475,84.20833333333333,7.229166666666667,119.83333333333333,13.1
2026-06-21 19:00:00,12.6,75,10.0,0.0,8.633333333333333,83.83333333333333,7.229166666666667,119.83333333333333,12.6
2026-06-21 20:00:00,12.2,75,11.7,0.0,8.8,83.5,7.291666666666667,119.83333333333333,12.2
2026-06-21 21:00:00,11.7,82,11.3,0.0,8.979166666666666,83.375,7.316666666666667,119.83333333333333,11.7
2026-06-21 22:00:00,11.2,88,13.2,0.0,9.1625,83.375,7.4375,119.83333333333333,11.2
2026-06-21 23:00:00,10.8,92,13.7,0.0,9.345833333333333,83.45833333333333,7.545833333333333,119.83333333333333,10.8
2026-06-22 00:00:00,10.6,94,9.9,0.0,9.533333333333333,83.58333333333333,7.433333333333334,119.83333333333333,10.6
2026-06-22 01:00:00,10.5,95,9.0,0.0,9.720833333333333,83.75,7.345833333333334,119.83333333333333,10.5
2026-06-22 02:00:00,10.3,95,9.6,0.0,9.933333333333334,83.83333333333333,7.512499999999999,119.83333333333333,10.3
2026-06-22 03:00:00,10.0,97,12.0,0.0,10.170833333333333,83.91666666666667,7.824999999999999,119.83333333333333,10.0
2026-06-22 04:00:00,9.9,97,13.8,0.0,10.4125,83.95833333333333,8.058333333333334,119.83333333333333,9.9
2026-06-22 05:00:00,9.8,97,11.1,0.0,10.658333333333333,84.0,8.245833333333334,119.83333333333333,9.8
2026-06-22 06:00:00,9.6,97,15.8,0.0,10.908333333333333,84.04166666666667,8.658333333333333,119.83333333333333,9.6
2026-06-22 07:00:00,9.2,97,11.1,0.0,11.133333333333333,84.08333333333333,8.783333333333333,119.83333333333333,9.2
2026-06-22 08:00:00,9.1,97,10.0,2.0,11.345833333333331,84.125,8.854166666666666,119.75,9.1
2026-06-22 09:00:00,9.1,97,11.2,28.0,11.487499999999999,84.20833333333333,8.95,116.625,9.1
2026-06-22 10:00:00,9.3,97,11.5,51.0,11.520833333333334,84.5,9.25,107.83333333333333,9.3
2026-06-22 11:00:00,10.8,90,9.9,272.0,11.504166666666668,84.79166666666667,9.512500000000001,101.29166666666667,10.8
2026-06-22 12:00:00,11.9,83,13.4,327.0,11.454166666666666,85.08333333333333,9.8625,94.04166666666667,11.9
2026-06-22 13:00:00,13.3,70,15.0,417.0,11.4125,85.20833333333333,10.254166666666666,88.33333333333333,13.3
2026-06-22 14:00:00,14.0,63,17.0,373.0,11.387500000000001,85.16666666666667,10.754166666666665,89.45833333333333,14.0
2026-06-22 15:00:00,14.0,59,19.4,358.0,11.341666666666667,85.125,11.404166666666667,92.16666666666667,14.0
2026-06-22 16:00:00,13.8,57,21.1,322.0,11.291666666666666,84.95833333333333,12.116666666666667,96.20833333333333,13.8
2026-06-22 17:00:00,12.4,66,19.8,162.0,11.216666666666667,84.79166666666667,12.779166666666667,96.70833333333333,12.4
2026-06-22 18:00:00,11.0,72,14.7,31.0,11.129166666666668,84.66666666666667,13.133333333333333,97.625,11.0
2026-06-22 19:00:00,10.6,69,13.0,0.0,11.045833333333334,84.41666666666667,13.258333333333333,97.625,10.6
2026-06-22 20:00:00,8.8,74,10.6,0.0,10.904166666666667,84.375,13.2125,97.625,8.8
2026-06-22 21:00:00,7.8,80,10.1,0.0,10.741666666666667,84.29166666666667,13.1625,97.625,7.8
2026-06-22 22:00:00,7.1,84,9.6,0.0,10.570833333333335,84.125,13.012500000000001,97.625,7.1
2026-06-22 23:00:00,6.5,86,8.4,0.0,10.391666666666667,83.875,12.791666666666666,97.625,6.5
2026-06-23 00:00:00,6.0,87,8.7,0.0,10.200000000000001,83.58333333333333,12.741666666666665,97.625,6.0
2026-06-23 01:00:00,5.8,89,10.2,0.0,10.004166666666666,83.33333333333333,12.791666666666666,97.625,5.8
2026-06-23 02:00:00,5.6,91,11.3,0.0,9.808333333333334,83.16666666666667,12.862499999999999,97.625,5.6
2026-06-23 03:00:00,5.2,93,12.1,0.0,9.608333333333333,83.0,12.866666666666667,97.625,5.2
2026-06-23 04:00:00,5.2,94,11.7,0.0,9.4125,82.875,12.779166666666667,97.625,5.2
2026-06-23 05:00:00,4.8,95,10.5,0.0,9.204166666666667,82.79166666666667,12.754166666666665,97.625,4.8
2026-06-23 06:00:00,4.6,95,9.9,0.0,8.995833333333334,82.70833333333333,12.508333333333335,97.625,4.6
2026-06-23 07:00:00,4.3,95,9.5,0.0,8.791666666666666,82.625,12.441666666666668,97.625,4.3
2026-06-23 08:00:00,4.3,96,10.6,4.0,8.591666666666667,82.58333333333333,12.466666666666667,97.70833333333333,4.3
2026-06-23 09:00:00,5.9,93,9.5,112.0,8.458333333333334,82.41666666666667,12.395833333333334,101.20833333333333,5.9
2026-06-23 10:00:00,7.9,85,9.8,288.0,8.4,81.91666666666667,12.325000000000001,111.08333333333333,7.9
2026-06-23 11:00:00,9.8,74,10.1,441.0,8.358333333333334,81.25,12.333333333333334,118.125,9.8
2026-06-23 12:00:00,11.4,59,12.5,549.0,8.3375,80.25,12.295833333333334,127.375,11.4
2026-06-23 13:00:00,12.2,52,16.5,595.0,8.291666666666666,79.5,12.358333333333334,134.79166666666666,12.2
2026-06-23 14:00:00,12.7,48,18.1,577.0,8.237499999999999,78.875,12.404166666666667,143.29166666666666,12.7
2026-06-23 15:00:00,12.9,46,15.6,482.0,8.191666666666666,78.33333333333333,12.245833333333335,148.45833333333334,12.9
2026-06-23 16:00:00,12.6,47,14.8,368.0,8.141666666666667,77.91666666666667,11.983333333333334,150.375,12.6
2026-06-23 17:00:00,11.7,53,10.8,189.0,8.1125,77.375,11.608333333333333,151.5,11.7
2026-06-23 18:00:00,9.2,64,7.3,39.0,8.0375,77.04166666666667,11.299999999999999,151.83333333333334,9.2
2026-06-23 19:00:00,8.3,67,8.3,0.0,7.941666666666667,76.95833333333333,11.104166666666666,151.83333333333334,8.3
2026-06-23 20:00:00,7.5,71,8.1,0.0,7.8875,76.83333333333333,11.0,151.83333333333334,7.5
2026-06-23 21:00:00,6.3,78,6.5,0.0,7.824999999999999,76.75,10.850000000000001,151.83333333333334,6.3
2026-06-23 22:00:00,5.8,81,6.6,0.0,7.770833333333333,76.625,10.725000000000001,151.83333333333334,5.8
2026-06-23 23:00:00,5.2,83,6.1,0.0,7.716666666666666,76.5,10.629166666666666,151.83333333333334,5.2
2026-06-24 00:00:00,4.8,84,6.0,0.0,7.666666666666667,76.375,10.516666666666666,151.83333333333334,4.8
2026-06-24 01:00:00,4.6,86,7.9,0.0,7.616666666666667,76.25,10.420833333333333,151.83333333333334,4.6
2026-06-24 02:00:00,4.4,87,8.6,0.0,7.566666666666666,76.08333333333333,10.308333333333332,151.83333333333334,4.4
2026-06-24 03:00:00,3.6,91,8.5,0.0,7.5,76.0,10.158333333333333,151.83333333333334,3.6
2026-06-24 04:00:00,3.6,92,9.8,0.0,7.433333333333334,75.91666666666667,10.079166666666667,151.83333333333334,3.6
2026-06-24 05:00:00,3.5,92,10.0,0.0,7.379166666666666,75.79166666666667,10.058333333333334,151.83333333333334,3.5
2026-06-24 06:00:00,3.4,92,10.0,0.0,7.329166666666667,75.66666666666667,10.0625,151.83333333333334,3.4
2026-06-24 07:00:00,3.5,93,11.2,0.0,7.295833333333333,75.58333333333333,10.133333333333333,151.83333333333334,3.5
2026-06-24 08:00:00,4.0,92,12.3,4.0,7.283333333333334,75.41666666666667,10.204166666666667,151.83333333333334,4.0
2026-06-24 09:00:00,5.7,89,9.8,107.0,7.2749999999999995,75.25,10.216666666666667,151.625,5.7
2026-06-24 10:00:00,8.2,83,9.3,283.0,7.2875000000000005,75.16666666666667,10.195833333333333,151.41666666666666,8.2
2026-06-24 11:00:00,10.7,72,11.0,431.0,7.324999999999999,75.08333333333333,10.233333333333333,151.0,10.7
2026-06-24 12:00:00,12.2,61,15.4,529.0,7.358333333333334,75.16666666666667,10.354166666666666,150.16666666666666,12.2
2026-06-24 13:00:00,13.2,58,15.5,580.0,7.3999999999999995,75.41666666666667,10.3125,149.54166666666666,13.2
2026-06-24 14:00:00,13.9,54,15.8,571.0,7.45,75.66666666666667,10.216666666666667,149.29166666666666,13.9
2026-06-24 15:00:00,14.7,50,20.7,493.0,7.5249999999999995,75.83333333333333,10.429166666666667,149.75,14.7
2026-06-24 16:00:00,14.5,51,19.8,346.0,7.604166666666667,76.0,10.637500000000001,148.83333333333334,14.5
2026-06-24 17:00:00,13.4,58,11.4,191.0,7.675,76.20833333333333,10.6625,148.91666666666666,13.4
2026-06-24 18:00:00,10.3,71,6.3,40.0,7.720833333333334,76.5,10.620833333333334,148.95833333333334,10.3
2026-06-24 19:00:00,9.3,75,3.8,0.0,7.762499999999999,76.83333333333333,10.433333333333334,148.95833333333334,9.3
2026-06-24 20:00:00,8.5,77,3.1,0.0,7.804166666666666,77.08333333333333,10.225,148.95833333333334,8.5
2026-06-24 21:00:00,7.7,77,6.5,0.0,7.862500000000001,77.04166666666667,10.225,148.95833333333334,7.7
2026-06-24 22:00:00,7.5,78,7.4,0.0,7.933333333333334,76.91666666666667,10.258333333333335,148.95833333333334,7.5
2026-06-24 23:00:00,7.3,80,7.2,0.0,8.020833333333334,76.79166666666667,10.304166666666667,148.95833333333334,7.3
2026-06-25 00:00:00,7.6,79,11.4,0.0,8.1375,76.58333333333333,10.529166666666667,148.95833333333334,7.6
2026-06-25 01:00:00,7.8,78,12.4,0.0,8.270833333333334,76.25,10.716666666666667,148.95833333333334,7.8
2026-06-25 02:00:00,8.5,76,10.6,0.0,8.441666666666666,75.79166666666667,10.800000000000002,148.95833333333334,8.5
2026-06-25 03:00:00,8.2,76,10.5,0.0,8.633333333333333,75.16666666666667,10.883333333333335,148.95833333333334,8.2
2026-06-25 04:00:00,8.3,75,8.4,0.0,8.829166666666667,74.45833333333333,10.825000000000001,148.95833333333334,8.3
2026-06-25 05:00:00,7.2,80,5.5,0.0,8.983333333333333,73.95833333333333,10.637500000000001,148.95833333333334,7.2
2026-06-25 06:00:00,6.6,80,7.1,0.0,9.116666666666665,73.45833333333333,10.516666666666667,148.95833333333334,6.6
2026-06-25 07:00:00,6.7,81,8.3,0.0,9.25,72.95833333333333,10.395833333333334,148.95833333333334,6.7
2026-06-25 08:00:00,6.4,83,10.3,4.0,9.35,72.58333333333333,10.3125,148.95833333333334,6.4
2026-06-25 09:00:00,8.0,80,9.6,60.0,9.445833333333335,72.20833333333333,10.304166666666665,147.0,8.0
2026-06-25 10:00:00,10.0,75,8.8,189.0,9.520833333333334,71.875,10.283333333333333,143.08333333333334,10.0
2026-06-25 11:00:00,12.7,66,12.1,426.0,9.604166666666666,71.625,10.329166666666667,142.875,12.7
2026-06-25 12:00:00,14.6,58,15.4,532.0,9.704166666666667,71.5,10.329166666666667,143.0,14.6
2026-06-25 13:00:00,15.8,52,18.4,578.0,9.8125,71.25,10.450000000000001,142.91666666666666,15.8
2026-06-25 14:00:00,16.4,49,18.9,563.0,9.916666666666666,71.04166666666667,10.579166666666666,142.58333333333334,16.4
2026-06-25 15:00:00,17.2,46,17.7,490.0,10.020833333333334,70.875,10.454166666666667,142.45833333333334,17.2
2026-06-25 16:00:00,16.8,50,14.4,363.0,10.116666666666667,70.83333333333333,10.229166666666666,143.16666666666666,16.8
2026-06-25 17:00:00,15.4,58,9.6,199.0,10.2,70.83333333333333,10.154166666666667,143.5,15.4
2026-06-25 18:00:00,12.6,66,9.4,41.0,10.295833333333334,70.625,10.283333333333333,143.54166666666666,12.6
2026-06-25 19:00:00,11.5,70,11.6,0.0,10.387500000000001,70.41666666666667,10.608333333333333,143.54166666666666,11.5
2026-06-25 20:00:00,10.7,72,11.8,0.0,10.479166666666666,70.20833333333333,10.970833333333333,143.54166666666666,10.7
2026-06-25 21:00:00,9.7,75,10.9,0.0,10.562499999999998,70.125,11.154166666666667,143.54166666666666,9.7
2026-06-25 22:00:00,9.0,77,12.1,0.0,10.624999999999998,70.08333333333333,11.350000000000001,143.54166666666666,9.0
2026-06-25 23:00:00,8.4,79,11.6,0.0,10.670833333333334,70.04166666666667,11.533333333333331,143.54166666666666,8.4
2026-06-26 00:00:00,7.8,82,10.6,0.0,10.679166666666667,70.16666666666667,11.5,143.54166666666666,7.8
2026-06-26 01:00:00,7.2,85,9.9,0.0,10.654166666666667,70.45833333333333,11.395833333333334,143.54166666666666,7.2
2026-06-26 02:00:00,6.8,86,9.9,0.0,10.583333333333334,70.875,11.366666666666667,143.54166666666666,6.8
2026-06-26 03:00:00,6.1,88,10.1,0.0,10.495833333333334,71.375,11.35,143.54166666666666,6.1
2026-06-26 04:00:00,5.9,87,10.1,0.0,10.395833333333334,71.875,11.420833333333334,143.54166666666666,5.9
2026-06-26 05:00:00,5.6,87,10.0,0.0,10.329166666666667,72.16666666666667,11.608333333333334,143.54166666666666,5.6
2026-06-26 06:00:00,5.3,86,9.5,0.0,10.275,72.41666666666667,11.708333333333334,143.54166666666666,5.3
2026-06-26 07:00:00,4.9,87,8.5,0.0,10.2,72.66666666666667,11.716666666666667,143.54166666666666,4.9
2026-06-26 08:00:00,4.7,87,7.2,4.0,10.129166666666666,72.83333333333333,11.587499999999999,143.54166666666666,4.7
2026-06-26 09:00:00,7.0,82,9.3,113.0,10.0875,72.91666666666667,11.575000000000001,145.75,7.0
2026-06-26 10:00:00,9.9,77,5.9,289.0,10.083333333333334,73.0,11.454166666666666,149.91666666666666,9.9
2026-06-26 11:00:00,12.8,69,6.0,443.0,10.0875,73.125,11.199999999999998,150.625,12.8
2026-06-26 12:00:00,15.0,59,6.7,550.0,10.104166666666666,73.16666666666667,10.8375,151.375,15.0
2026-06-26 13:00:00,16.2,52,7.6,597.0,10.120833333333334,73.16666666666667,10.3875,152.16666666666666,16.2
2026-06-26 14:00:00,16.9,48,10.2,582.0,10.141666666666666,73.125,10.025,152.95833333333334,16.9
2026-06-26 15:00:00,17.8,45,11.6,506.0,10.166666666666666,73.08333333333333,9.770833333333334,153.625,17.8
2026-06-26 16:00:00,17.4,49,10.4,377.0,10.191666666666666,73.04166666666667,9.604166666666666,154.20833333333334,17.4
2026-06-26 17:00:00,15.7,62,6.2,208.0,10.204166666666667,73.20833333333333,9.4625,154.58333333333334,15.7
2026-06-26 18:00:00,12.4,72,6.4,43.0,10.195833333333333,73.45833333333333,9.3375,154.66666666666666,12.4
2026-06-26 19:00:00,11.0,79,9.2,0.0,10.174999999999999,73.83333333333333,9.237499999999999,154.66666666666666,11.0
2026-06-26 20:00:00,10.2,79,10.5,0.0,10.154166666666667,74.125,9.183333333333332,154.66666666666666,10.2
2026-06-26 21:00:00,9.6,79,10.8,0.0,10.15,74.29166666666667,9.179166666666667,154.66666666666666,9.6
2026-06-26 22:00:00,9.1,83,12.4,0.0,10.154166666666667,74.54166666666667,9.191666666666666,154.66666666666666,9.1
2026-06-26 23:00:00,8.7,86,12.8,0.0,10.166666666666666,74.83333333333333,9.241666666666665,154.66666666666666,8.7
2026-06-27 00:00:00,8.4,87,12.6,0.0,10.191666666666666,75.04166666666667,9.325000000000001,154.66666666666666,8.4
2026-06-27 01:00:00,8.0,88,11.0,0.0,10.225,75.16666666666667,9.370833333333332,154.66666666666666,8.0
2026-06-27 02:00:00,7.6,90,9.5,0.0,10.258333333333333,75.33333333333333,9.354166666666666,154.66666666666666,7.6
2026-06-27 03:00:00,7.0,92,9.9,0.0,10.295833333333333,75.5,9.345833333333333,154.66666666666666,7.0
2026-06-27 04:00:00,6.7,92,8.6,0.0,10.329166666666666,75.70833333333333,9.283333333333333,154.66666666666666,6.7
2026-06-27 05:00:00,6.4,92,7.6,0.0,10.362499999999999,75.91666666666667,9.183333333333334,154.66666666666666,6.4
2026-06-27 06:00:00,6.1,93,7.8,0.0,10.395833333333332,76.20833333333333,9.112499999999999,154.66666666666666,6.1
2026-06-27 07:00:00,5.9,93,7.9,0.0,10.4375,76.45833333333333,9.0875,154.66666666666666,5.9
2026-06-27 08:00:00,5.9,94,7.8,4.0,10.487499999999999,76.75,9.1125,154.66666666666666,5.9
2026-06-27 09:00:00,7.9,90,9.5,107.0,10.525,77.08333333333333,9.120833333333334,154.41666666666666,7.9
2026-06-27 10:00:00,10.7,85,6.6,276.0,10.558333333333332,77.41666666666667,9.15,153.875,10.7
2026-06-27 11:00:00,13.8,76,7.1,424.0,10.6,77.70833333333333,9.195833333333333,153.08333333333334,13.8
2026-06-27 12:00:00,16.5,68,7.1,525.0,10.6625,78.08333333333333,9.2125,152.04166666666666,16.5
2026-06-27 13:00:00,17.5,65,7.4,409.0,10.716666666666667,78.625,9.204166666666667,144.20833333333334,17.5
2026-06-27 14:00:00,17.6,66,8.1,260.0,10.745833333333335,79.375,9.116666666666665,130.79166666666666,17.6
2026-06-27 15:00:00,18.0,68,8.1,227.0,10.754166666666668,80.33333333333333,8.970833333333333,119.16666666666667,18.0
2026-06-27 16:00:00,17.1,77,7.3,99.0,10.741666666666667,81.5,8.841666666666667,107.58333333333333,17.1
2026-06-27 17:00:00,16.2,83,8.0,52.0,10.762500000000001,82.375,8.916666666666666,101.08333333333333,16.2
2026-06-27 18:00:00,14.9,88,7.0,27.0,10.866666666666667,83.04166666666667,8.941666666666666,100.41666666666667,14.9
2026-06-27 19:00:00,13.6,91,7.8,0.0,10.975,83.54166666666667,8.883333333333335,100.41666666666667,13.6
2026-06-27 20:00:00,13.5,92,8.8,0.0,11.112499999999999,84.08333333333333,8.8125,100.41666666666667,13.5
2026-06-27 21:00:00,14.2,91,8.6,0.0,11.304166666666667,84.58333333333333,8.720833333333333,100.41666666666667,14.2
2026-06-27 22:00:00,14.6,92,7.6,0.0,11.533333333333333,84.95833333333333,8.520833333333334,100.41666666666667,14.6
2026-06-27 23:00:00,15.0,94,8.7,0.0,11.795833333333333,85.29166666666667,8.35,100.41666666666667,15.0
2026-06-28 00:00:00,15.1,96,10.2,0.0,12.075000000000001,85.66666666666667,8.25,100.41666666666667,15.1
2026-06-28 01:00:00,15.0,98,11.8,0.0,12.366666666666667,86.08333333333333,8.283333333333333,100.41666666666667,15.0
2026-06-28 02:00:00,15.1,98,11.7,0.0,12.679166666666665,86.41666666666667,8.375,100.41666666666667,15.1
2026-06-28 03:00:00,14.5,99,6.0,0.0,12.991666666666665,86.70833333333333,8.2125,100.41666666666667,14.5
2026-06-28 04:00:00,13.7,100,4.0,0.0,13.283333333333333,87.04166666666667,8.020833333333334,100.41666666666667,13.7
2026-06-28 05:00:00,13.8,100,1.4,0.0,13.591666666666667,87.375,7.762499999999999,100.41666666666667,13.8
2026-06-28 06:00:00,13.6,100,0.2,0.0,13.904166666666667,87.66666666666667,7.445833333333334,100.41666666666667,13.6
2026-06-28 07:00:00,13.8,100,2.0,0.0,14.233333333333334,87.95833333333333,7.2,100.41666666666667,13.8
2026-06-28 08:00:00,14.0,100,1.4,0.0,14.570833333333333,88.20833333333333,6.933333333333333,100.25,14.0
2026-06-28 09:00:00,14.3,100,1.1,17.0,14.8375,88.625,6.583333333333333,96.5,14.3
2026-06-28 10:00:00,15.4,99,5.6,65.0,15.033333333333333,89.20833333333333,6.541666666666667,87.70833333333333,15.4
2026-06-28 11:00:00,17.1,93,6.0,200.0,15.170833333333334,89.91666666666667,6.495833333333334,78.375,17.1
2026-06-28 12:00:00,17.6,90,11.0,202.0,15.216666666666667,90.83333333333333,6.658333333333334,64.91666666666667,17.6
2026-06-28 13:00:00,17.9,84,14.6,168.0,15.233333333333334,91.625,6.958333333333333,54.875,17.9
2026-06-28 14:00:00,19.7,72,15.9,494.0,15.320833333333333,91.875,7.283333333333334,64.625,19.7
2026-06-28 15:00:00,19.5,61,12.6,421.0,15.383333333333333,91.58333333333333,7.470833333333334,72.70833333333333,19.5
2026-06-28 16:00:00,19.2,57,14.7,352.0,15.470833333333333,90.75,7.779166666666666,83.25,19.2
2026-06-28 17:00:00,17.6,61,18.5,201.0,15.529166666666669,89.83333333333333,8.216666666666667,89.45833333333333,17.6
2026-06-28 18:00:00,15.1,66,17.4,43.0,15.5375,88.91666666666667,8.65,90.125,15.1
2026-06-28 19:00:00,13.5,70,14.0,0.0,15.533333333333333,88.04166666666667,8.908333333333333,90.125,13.5
2026-06-28 20:00:00,12.4,72,12.9,0.0,15.487500000000002,87.20833333333333,9.079166666666667,90.125,12.4
2026-06-28 21:00:00,11.7,71,16.1,0.0,15.383333333333333,86.375,9.391666666666667,90.125,11.7
2026-06-28 22:00:00,11.2,71,16.6,0.0,15.241666666666667,85.5,9.766666666666666,90.125,11.2
2026-06-28 23:00:00,10.7,72,16.2,0.0,15.0625,84.58333333333333,10.079166666666667,90.125,10.7
2026-06-29 00:00:00,9.9,76,14.1,0.0,14.845833333333333,83.75,10.241666666666667,90.125,9.9
2026-06-29 01:00:00,8.9,82,9.1,0.0,14.591666666666667,83.08333333333333,10.129166666666666,90.125,8.9
2026-06-29 02:00:00,8.0,87,7.5,0.0,14.295833333333334,82.625,9.954166666666667,90.125,8.0
2026-06-29 03:00:00,7.2,91,9.0,0.0,13.991666666666667,82.29166666666667,10.079166666666667,90.125,7.2
2026-06-29 04:00:00,6.7,93,9.3,0.0,13.699999999999998,82.0,10.3,90.125,6.7
2026-06-29 05:00:00,6.3,95,9.2,0.0,13.387500000000001,81.79166666666667,10.625,90.125,6.3
2026-06-29 06:00:00,5.9,96,8.1,0.0,13.066666666666668,81.625,10.954166666666666,90.125,5.9
2026-06-29 07:00:00,5.5,97,8.5,0.0,12.720833333333333,81.5,11.225,90.125,5.5
2026-06-29 08:00:00,5.5,98,9.6,4.0,12.366666666666667,81.41666666666667,11.566666666666668,90.29166666666667,5.5
2026-06-29 09:00:00,7.1,96,10.5,109.0,12.066666666666665,81.25,11.958333333333334,94.125,7.1
2026-06-29 10:00:00,8.9,92,11.4,232.0,11.795833333333334,80.95833333333333,12.200000000000001,101.08333333333333,8.9
2026-06-29 11:00:00,10.2,86,10.5,274.0,11.508333333333333,80.66666666666667,12.387500000000001,104.16666666666667,10.2
2026-06-29 12:00:00,11.9,80,9.1,440.0,11.270833333333334,80.25,12.308333333333335,114.08333333333333,11.9
2026-06-29 13:00:00,13.0,76,8.2,526.0,11.066666666666668,79.91666666666667,12.041666666666666,129.0,13.0
2026-06-29 14:00:00,13.7,73,6.6,544.0,10.816666666666665,79.95833333333333,11.654166666666667,131.08333333333334,13.7
2026-06-29 15:00:00,14.2,71,8.0,498.0,10.595833333333333,80.375,11.462499999999999,134.29166666666666,14.2
2026-06-29 16:00:00,14.0,71,8.7,370.0,10.379166666666666,80.95833333333333,11.2125,135.04166666666666,14.0
2026-06-29 17:00:00,13.3,74,9.3,205.0,10.200000000000001,81.5,10.829166666666666,135.20833333333334,13.3
2026-06-29 18:00:00,11.1,83,9.7,44.0,10.033333333333333,82.20833333333333,10.508333333333333,135.25,11.1
2026-06-29 19:00:00,9.9,88,11.0,0.0,9.883333333333335,82.95833333333333,10.383333333333333,135.25,9.9
2026-06-29 20:00:00,9.0,90,8.9,0.0,9.741666666666667,83.70833333333333,10.216666666666667,135.25,9.0
2026-06-29 21:00:00,8.1,92,8.9,0.0,9.591666666666667,84.58333333333333,9.916666666666666,135.25,8.1
2026-06-29 22:00:00,7.7,93,10.5,0.0,9.445833333333333,85.5,9.6625,135.25,7.7
2026-06-29 23:00:00,7.3,94,11.5,0.0,9.304166666666667,86.41666666666667,9.466666666666667,135.25,7.3
2026-06-30 00:00:00,6.9,95,11.8,0.0,9.179166666666667,87.20833333333333,9.370833333333334,135.25,6.9
2026-06-30 01:00:00,6.4,95,11.6,0.0,9.075000000000001,87.75,9.475,135.25,6.4
2026-06-30 02:00:00,6.1,95,11.7,0.0,8.995833333333334,88.08333333333333,9.65,135.25,6.1
2026-06-30 03:00:00,5.3,96,12.3,0.0,8.916666666666666,88.29166666666667,9.7875,135.25,5.3
2026-06-30 04:00:00,5.2,95,12.1,0.0,8.854166666666666,88.375,9.904166666666667,135.25,5.2
2026-06-30 05:00:00,5.0,95,11.8,0.0,8.8,88.375,10.012500000000001,135.25,5.0
2026-06-30 06:00:00,4.8,96,11.1,0.0,8.754166666666666,88.375,10.137500000000001,135.25,4.8
2026-06-30 07:00:00,4.7,96,10.6,0.0,8.720833333333333,88.33333333333333,10.225,135.25,4.7
2026-06-30 08:00:00,4.7,96,11.7,4.0,8.6875,88.25,10.3125,135.25,4.7
2026-06-30 09:00:00,6.9,93,11.9,107.0,8.679166666666667,88.125,10.370833333333334,135.16666666666666,6.9
2026-06-30 10:00:00,9.2,89,12.0,249.0,8.691666666666666,88.0,10.395833333333334,135.875,9.2
2026-06-30 11:00:00,11.9,79,15.7,406.0,8.7625,87.70833333333333,10.612499999999999,141.375,11.9
2026-06-30 12:00:00,12.9,77,13.5,362.0,8.804166666666667,87.58333333333333,10.795833333333334,138.125,12.9
2026-06-30 13:00:00,13.8,74,12.1,335.0,8.8375,87.5,10.958333333333334,130.16666666666666,13.8
2026-06-30 14:00:00,13.9,75,14.8,259.0,8.845833333333333,87.58333333333333,11.300000000000002,118.29166666666667,13.9
2026-06-30 15:00:00,14.5,74,11.8,333.0,8.858333333333333,87.70833333333333,11.458333333333334,111.41666666666667,14.5
2026-06-30 16:00:00,14.9,72,11.1,247.0,8.895833333333334,87.75,11.558333333333332,106.29166666666667,14.9
2026-06-30 17:00:00,14.5,76,9.8,110.0,8.945833333333333,87.83333333333333,11.579166666666667,102.33333333333333,14.5
2026-06-30 18:00:00,13.0,82,9.6,27.0,9.025,87.79166666666667,11.574999999999998,101.625,13.0
2026-06-30 19:00:00,11.8,86,9.3,0.0,9.104166666666666,87.70833333333333,11.504166666666665,101.625,11.8
2026-06-30 20:00:00,10.9,89,10.9,0.0,9.183333333333334,87.66666666666667,11.5875,101.625,10.9
2026-06-30 21:00:00,9.9,91,10.3,0.0,9.258333333333333,87.625,11.645833333333334,101.625,9.9
2026-06-30 22:00:00,9.7,92,11.6,0.0,9.341666666666667,87.58333333333333,11.691666666666668,101.625,9.7
2026-06-30 23:00:00,9.1,93,10.7,0.0,9.416666666666666,87.54166666666667,11.658333333333333,101.625,9.1
2026-07-01 00:00:00,8.9,93,11.3,0.0,9.5,87.45833333333333,11.637500000000001,101.625,8.9
2026-07-01 01:00:00,8.6,94,10.3,0.0,9.591666666666667,87.41666666666667,11.583333333333334,101.625,8.6
2026-07-01 02:00:00,8.3,95,9.9,0.0,9.683333333333334,87.41666666666667,11.508333333333333,101.625,8.3
2026-07-01 03:00:00,8.4,97,9.3,0.0,9.8125,87.45833333333333,11.383333333333333,101.625,8.4
2026-07-01 04:00:00,8.5,98,10.2,0.0,9.950000000000001,87.58333333333333,11.304166666666667,101.625,8.5
2026-07-01 05:00:00,8.4,98,12.2,0.0,10.091666666666667,87.70833333333333,11.320833333333335,101.625,8.4
2026-07-01 06:00:00,8.4,99,12.4,0.0,10.241666666666667,87.83333333333333,11.375,101.625,8.4
2026-07-01 07:00:00,8.5,99,11.6,0.0,10.4,87.95833333333333,11.416666666666666,101.625,8.5
2026-07-01 08:00:00,8.7,99,13.1,3.0,10.566666666666668,88.08333333333333,11.475,101.58333333333333,8.7
2026-07-01 09:00:00,10.4,99,15.5,86.0,10.7125,88.33333333333333,11.625,100.70833333333333,10.4
2026-07-01 10:00:00,11.0,99,14.2,102.0,10.787500000000001,88.75,11.716666666666667,94.58333333333333,11.0
2026-07-01 11:00:00,11.8,97,14.7,105.0,10.783333333333333,89.5,11.674999999999999,82.04166666666667,11.8
2026-07-01 12:00:00,13.4,91,14.9,260.0,10.804166666666667,90.08333333333333,11.733333333333334,77.79166666666667,13.4
2026-07-01 13:00:00,14.4,87,17.1,315.0,10.829166666666666,90.625,11.941666666666668,76.95833333333333,14.4
2026-07-01 14:00:00,14.3,87,15.3,199.0,10.845833333333333,91.125,11.962499999999999,74.45833333333333,14.3
2026-07-01 15:00:00,13.3,87,15.6,74.0,10.795833333333334,91.66666666666667,12.120833333333335,63.666666666666664,13.3
2026-07-01 16:00:00,13.1,88,16.5,75.0,10.720833333333333,92.33333333333333,12.345833333333333,56.5,13.1
2026-07-01 17:00:00,12.8,91,14.0,39.0,10.65,92.95833333333333,12.520833333333334,53.541666666666664,12.8
2026-07-01 18:00:00,12.3,94,14.5,7.0,10.620833333333334,93.45833333333333,12.725000000000001,52.708333333333336,12.3
2026-07-01 19:00:00,12.1,95,17.0,0.0,10.633333333333333,93.83333333333333,13.045833333333334,52.708333333333336,12.1
2026-07-01 20:00:00,12.1,95,17.0,0.0,10.683333333333332,94.08333333333333,13.299999999999999,52.708333333333336,12.1
2026-07-01 21:00:00,12.4,94,15.6,0.0,10.787500000000001,94.20833333333333,13.52083333333333,52.708333333333336,12.4
2026-07-01 22:00:00,12.4,93,14.2,0.0,10.9,94.25,13.629166666666668,52.708333333333336,12.4
2026-07-01 23:00:00,12.3,93,15.5,0.0,11.033333333333333,94.25,13.829166666666667,52.708333333333336,12.3
2026-07-02 00:00:00,12.3,92,14.8,0.0,11.174999999999999,94.20833333333333,13.975,52.708333333333336,12.3
2026-07-02 01:00:00,12.2,93,16.8,0.0,11.324999999999998,94.16666666666667,14.245833333333332,52.708333333333336,12.2
2026-07-02 02:00:00,12.5,91,18.1,0.0,11.5,94.0,14.5875,52.708333333333336,12.5
2026-07-02 03:00:00,12.5,92,18.8,0.0,11.670833333333333,93.79166666666667,14.983333333333334,52.708333333333336,12.5
2026-07-02 04:00:00,12.3,91,19.5,0.0,11.829166666666666,93.5,15.370833333333335,52.708333333333336,12.3
2026-07-02 05:00:00,11.9,88,21.1,0.0,11.975000000000001,93.08333333333333,15.741666666666667,52.708333333333336,11.9
2026-07-02 06:00:00,11.6,86,19.7,0.0,12.108333333333333,92.54166666666667,16.045833333333334,52.708333333333336,11.6
2026-07-02 07:00:00,11.3,85,20.3,0.0,12.225,91.95833333333333,16.40833333333333,52.708333333333336,11.3
2026-07-02 08:00:00,10.7,85,21.9,1.0,12.308333333333332,91.375,16.775000000000002,52.625,10.7
2026-07-02 09:00:00,10.5,84,20.5,58.0,12.3125,90.75,16.983333333333334,51.458333333333336,10.5
2026-07-02 10:00:00,10.9,80,19.9,111.0,12.308333333333335,89.95833333333333,17.220833333333335,51.833333333333336,10.9
2026-07-02 11:00:00,11.6,77,23.8,234.0,12.299999999999999,89.125,17.6,57.208333333333336,11.6
2026-07-02 12:00:00,12.1,76,24.2,360.0,12.245833333333335,88.5,17.9875,61.375,12.1
2026-07-02 13:00:00,12.1,75,22.9,304.0,12.149999999999999,88.0,18.229166666666668,60.916666666666664,12.1
2026-07-02 14:00:00,11.9,74,20.4,237.0,12.049999999999999,87.45833333333333,18.441666666666666,62.5,11.9
2026-07-02 15:00:00,11.9,71,19.8,283.0,11.991666666666667,86.79166666666667,18.616666666666667,71.20833333333333,11.9
2026-07-02 16:00:00,12.2,68,19.6,234.0,11.954166666666666,85.95833333333333,18.745833333333334,77.83333333333333,12.2
2026-07-02 17:00:00,11.5,68,19.0,113.0,11.899999999999999,85.0,18.954166666666666,80.91666666666667,11.5
2026-07-02 18:00:00,10.5,70,12.6,30.0,11.824999999999998,84.0,18.875,81.875,10.5
2026-07-02 19:00:00,9.8,71,12.8,0.0,11.729166666666666,83.0,18.7,81.875,9.8
2026-07-02 20:00:00,8.4,72,17.8,0.0,11.575000000000001,82.04166666666667,18.733333333333334,81.875,8.4
2026-07-02 21:00:00,7.5,74,18.2,0.0,11.370833333333335,81.20833333333333,18.84166666666667,81.875,7.5
2026-07-02 22:00:00,6.9,74,18.3,0.0,11.141666666666666,80.41666666666667,19.0125,81.875,6.9
2026-07-02 23:00:00,6.1,76,15.2,0.0,10.883333333333333,79.70833333333333,19.0,81.875,6.1
2026-07-03 00:00:00,5.1,79,13.8,0.0,10.583333333333334,79.16666666666667,18.958333333333332,81.875,5.1
2026-07-03 01:00:00,4.2,80,12.8,0.0,10.25,78.625,18.791666666666668,81.875,4.2
2026-07-03 02:00:00,3.4,80,12.4,0.0,9.870833333333334,78.16666666666667,18.554166666666667,81.875,3.4
2026-07-03 03:00:00,1.9,84,11.7,0.0,9.429166666666667,77.83333333333333,18.258333333333333,81.875,1.9
2026-07-03 04:00:00,1.1,86,10.6,0.0,8.9625,77.625,17.8875,81.875,1.1
2026-07-03 05:00:00,0.4,88,9.5,0.0,8.483333333333334,77.625,17.40416666666667,81.875,0.4
2026-07-03 06:00:00,0.0,88,10.1,0.0,8.0,77.70833333333333,17.004166666666666,81.875,0.0
2026-07-03 07:00:00,-0.2,88,9.7,0.0,7.520833333333333,77.83333333333333,16.5625,81.875,-0.2
2026-07-03 08:00:00,-0.4,89,9.2,4.0,7.058333333333334,78.0,16.03333333333333,82.0,-0.4
2026-07-03 09:00:00,1.4,84,8.9,113.0,6.679166666666666,78.0,15.549999999999999,84.29166666666667,1.4
2026-07-03 10:00:00,3.7,73,8.0,291.0,6.379166666666667,77.70833333333333,15.054166666666667,91.79166666666667,3.7
2026-07-03 11:00:00,5.5,68,9.4,446.0,6.125,77.33333333333333,14.454166666666666,100.625,5.5
2026-07-03 12:00:00,6.9,66,10.0,554.0,5.908333333333332,76.91666666666667,13.862499999999999,108.70833333333333,6.9
2026-07-03 13:00:00,8.0,65,7.9,603.0,5.7375,76.5,13.237500000000002,121.16666666666667,8.0
2026-07-03 14:00:00,8.8,62,6.9,588.0,5.608333333333333,76.0,12.674999999999999,135.79166666666666,8.8
2026-07-03 15:00:00,9.7,59,6.7,512.0,5.516666666666667,75.5,12.129166666666665,145.33333333333334,9.7
2026-07-03 16:00:00,9.7,59,6.7,382.0,5.4125000000000005,75.125,11.591666666666669,151.5,9.7
2026-07-03 17:00:00,9.2,62,6.1,214.0,5.316666666666666,74.875,11.054166666666667,155.70833333333334,9.2
2026-07-03 18:00:00,7.1,77,3.7,48.0,5.175,75.16666666666667,10.683333333333332,156.45833333333334,7.1
2026-07-03 19:00:00,6.2,80,3.8,0.0,5.0249999999999995,75.54166666666667,10.308333333333334,156.45833333333334,6.2
2026-07-03 20:00:00,5.4,83,3.4,0.0,4.8999999999999995,76.0,9.708333333333334,156.45833333333334,5.4
2026-07-03 21:00:00,4.2,86,4.2,0.0,4.7625,76.5,9.125,156.45833333333334,4.2
2026-07-03 22:00:00,3.8,87,3.9,0.0,4.633333333333334,77.04166666666667,8.525,156.45833333333334,3.8
2026-07-03 23:00:00,3.5,88,6.7,0.0,4.5249999999999995,77.54166666666667,8.170833333333334,156.45833333333334,3.5
2026-07-04 00:00:00,3.3,87,8.7,0.0,4.45,77.875,7.958333333333333,156.45833333333334,3.3
2026-07-04 01:00:00,3.2,88,9.7,0.0,4.408333333333333,78.20833333333333,7.829166666666666,156.45833333333334,3.2
2026-07-04 02:00:00,3.0,91,11.6,0.0,4.391666666666667,78.66666666666667,7.795833333333334,156.45833333333334,3.0
2026-07-04 03:00:00,2.4,93,11.8,0.0,4.4125000000000005,79.04166666666667,7.8,156.45833333333334,2.4
2026-07-04 04:00:00,2.3,93,8.9,0.0,4.4625,79.33333333333333,7.729166666666667,156.45833333333334,2.3
2026-07-04 05:00:00,2.6,93,14.8,0.0,4.554166666666666,79.54166666666667,7.95,156.45833333333334,2.6
2026-07-04 06:00:00,3.0,93,11.6,0.0,4.679166666666666,79.75,8.012500000000001,156.45833333333334,3.0
2026-07-04 07:00:00,2.6,94,7.0,0.0,4.795833333333333,80.0,7.8999999999999995,156.45833333333334,2.6
2026-07-04 08:00:00,3.1,94,11.0,3.0,4.941666666666666,80.20833333333333,7.9750000000000005,156.41666666666666,3.1
2026-07-04 09:00:00,4.8,94,14.2,107.0,5.083333333333333,80.625,8.195833333333333,156.16666666666666,4.8
2026-07-04 10:00:00,7.0,88,11.8,229.0,5.220833333333333,81.25,8.354166666666666,153.58333333333334,7.0
2026-07-04 11:00:00,9.0,79,13.8,319.0,5.366666666666667,81.70833333333333,8.5375,148.29166666666666,9.0
2026-07-04 12:00:00,10.2,73,18.6,433.0,5.504166666666666,82.0,8.895833333333334,143.25,10.2
2026-07-04 13:00:00,10.3,73,17.0,356.0,5.6000000000000005,82.33333333333333,9.275,132.95833333333334,10.3
2026-07-04 14:00:00,10.6,72,17.4,363.0,5.675,82.75,9.7125,123.58333333333333,10.6
2026-07-04 15:00:00,10.5,72,15.1,296.0,5.708333333333333,83.29166666666667,10.0625,114.58333333333333,10.5
2026-07-04 16:00:00,9.7,80,16.8,168.0,5.708333333333333,84.16666666666667,10.483333333333333,105.66666666666667,9.7
2026-07-04 17:00:00,9.3,85,10.0,95.0,5.7124999999999995,85.125,10.645833333333334,100.70833333333333,9.3
2026-07-04 18:00:00,8.8,85,13.0,23.0,5.783333333333334,85.45833333333333,11.033333333333333,99.66666666666667,8.8
2026-07-04 19:00:00,7.9,87,12.1,0.0,5.854166666666667,85.75,11.379166666666665,99.66666666666667,7.9
2026-07-04 20:00:00,7.3,89,15.0,0.0,5.933333333333334,86.0,11.862499999999999,99.66666666666667,7.3
2026-07-04 21:00:00,7.2,87,10.8,0.0,6.058333333333334,86.04166666666667,12.137500000000001,99.66666666666667,7.2
2026-07-04 22:00:00,6.7,90,12.7,0.0,6.179166666666667,86.16666666666667,12.504166666666665,99.66666666666667,6.7
2026-07-04 23:00:00,6.5,91,13.4,0.0,6.304166666666667,86.29166666666667,12.783333333333333,99.66666666666667,6.5
2026-07-05 00:00:00,6.4,91,13.8,0.0,6.433333333333334,86.45833333333333,12.995833333333332,99.66666666666667,6.4
2026-07-05 01:00:00,6.6,91,16.2,0.0,6.575,86.58333333333333,13.266666666666667,99.66666666666667,6.6
2026-07-05 02:00:00,7.0,91,15.9,0.0,6.741666666666667,86.58333333333333,13.445833333333333,99.66666666666667,7.0
2026-07-05 03:00:00,7.1,93,15.2,0.0,6.9375,86.58333333333333,13.587499999999999,99.66666666666667,7.1
2026-07-05 04:00:00,7.3,94,16.1,0.0,7.145833333333333,86.625,13.887500000000001,99.66666666666667,7.3
2026-07-05 05:00:00,7.2,95,15.6,0.0,7.3374999999999995,86.70833333333333,13.920833333333333,99.66666666666667,7.2
2026-07-05 06:00:00,7.0,96,14.6,0.0,7.504166666666666,86.83333333333333,14.045833333333334,99.66666666666667,7.0
2026-07-05 07:00:00,6.8,96,15.7,0.0,7.679166666666667,86.91666666666667,14.408333333333333,99.66666666666667,6.8
2026-07-05 08:00:00,6.8,97,14.6,3.0,7.833333333333333,87.04166666666667,14.558333333333335,99.66666666666667,6.8
2026-07-05 09:00:00,8.2,95,13.1,100.0,7.9750000000000005,87.08333333333333,14.512499999999998,99.375,8.2
2026-07-05 10:00:00,10.2,89,13.1,259.0,8.108333333333333,87.125,14.566666666666668,100.625,10.2
2026-07-05 11:00:00,12.1,82,12.1,361.0,8.237499999999999,87.25,14.495833333333335,102.375,12.1
2026-07-05 12:00:00,12.3,81,10.1,186.0,8.325000000000001,87.58333333333333,14.141666666666666,92.08333333333333,12.3
2026-07-05 13:00:00,12.8,79,7.9,163.0,8.429166666666667,87.83333333333333,13.762500000000001,84.04166666666667,12.8
2026-07-05 14:00:00,12.9,80,9.0,134.0,8.525,88.16666666666667,13.412500000000001,74.5,12.9
2026-07-05 15:00:00,12.5,82,9.5,85.0,8.608333333333334,88.58333333333333,13.179166666666667,65.70833333333333,12.5
2026-07-05 16:00:00,12.4,86,8.2,63.0,8.720833333333333,88.83333333333333,12.820833333333333,61.333333333333336,12.4
2026-07-05 17:00:00,12.2,90,7.3,44.0,8.841666666666667,89.04166666666667,12.708333333333334,59.208333333333336,12.2
2026-07-05 18:00:00,11.6,93,4.9,11.0,8.958333333333334,89.375,12.370833333333332,58.708333333333336,11.6
2026-07-05 19:00:00,11.3,94,5.0,0.0,9.1,89.66666666666667,12.075000000000001,58.708333333333336,11.3
2026-07-05 20:00:00,11.0,95,4.2,0.0,9.254166666666668,89.91666666666667,11.625,58.708333333333336,11.0
2026-07-05 21:00:00,11.4,94,3.9,0.0,9.429166666666665,90.20833333333333,11.3375,58.708333333333336,11.4
2026-07-05 22:00:00,11.1,95,8.7,0.0,9.612499999999999,90.41666666666667,11.170833333333334,58.708333333333336,11.1
2026-07-05 23:00:00,10.9,95,9.5,0.0,9.795833333333333,90.58333333333333,11.008333333333333,58.708333333333336,10.9
2026-07-06 00:00:00,10.6,95,10.6,0.0,9.970833333333333,90.75,10.875,58.708333333333336,10.6
2026-07-06 01:00:00,9.3,97,10.0,0.0,10.083333333333334,91.0,10.616666666666667,58.708333333333336,9.3
2026-07-06 02:00:00,9.2,97,11.8,0.0,10.174999999999999,91.25,10.445833333333333,58.708333333333336,9.2
2026-07-06 03:00:00,9.3,98,15.3,0.0,10.266666666666667,91.45833333333333,10.450000000000001,58.708333333333336,9.3
2026-07-06 04:00:00,8.9,100,15.9,0.0,10.333333333333334,91.70833333333333,10.441666666666666,58.708333333333336,8.9
2026-07-06 05:00:00,8.5,98,16.2,0.0,10.387500000000001,91.83333333333333,10.466666666666667,58.708333333333336,8.5
2026-07-06 06:00:00,8.4,96,13.4,0.0,10.445833333333335,91.83333333333333,10.416666666666666,58.708333333333336,8.4
2026-07-06 07:00:00,8.2,95,14.3,0.0,10.504166666666666,91.79166666666667,10.358333333333334,58.708333333333336,8.2
2026-07-06 08:00:00,8.0,93,14.2,2.0,10.554166666666667,91.625,10.341666666666667,58.666666666666664,8.0
2026-07-06 09:00:00,7.7,89,12.3,60.0,10.533333333333333,91.375,10.308333333333334,57.0,7.7
2026-07-06 10:00:00,8.1,82,13.0,164.0,10.445833333333335,91.08333333333333,10.304166666666667,53.041666666666664,8.1
2026-07-06 11:00:00,8.4,76,12.7,233.0,10.291666666666668,90.83333333333333,10.329166666666667,47.708333333333336,8.4
2026-07-06 12:00:00,9.7,67,14.7,411.0,10.183333333333334,90.25,10.520833333333334,57.083333333333336,9.7
2026-07-06 13:00:00,10.2,65,14.2,486.0,10.075,89.66666666666667,10.783333333333333,70.54166666666667,10.2
2026-07-06 14:00:00,10.8,64,13.7,583.0,9.987499999999999,89.0,10.979166666666666,89.25,10.8
2026-07-06 15:00:00,11.5,62,12.7,508.0,9.945833333333333,88.16666666666667,11.112499999999999,106.875,11.5
2026-07-06 16:00:00,11.4,62,12.4,378.0,9.904166666666667,87.16666666666667,11.287500000000001,120.0,11.4
2026-07-06 17:00:00,10.8,66,10.5,216.0,9.845833333333333,86.16666666666667,11.420833333333334,127.16666666666667,10.8
2026-07-06 18:00:00,8.5,77,6.2,51.0,9.716666666666667,85.5,11.475,128.83333333333334,8.5
2026-07-06 19:00:00,7.4,81,8.0,0.0,9.554166666666665,84.95833333333333,11.6,128.83333333333334,7.4
2026-07-06 20:00:00,6.7,83,7.5,0.0,9.375000000000002,84.45833333333333,11.737499999999999,128.83333333333334,6.7
2026-07-06 21:00:00,5.9,84,6.4,0.0,9.145833333333334,84.04166666666667,11.841666666666667,128.83333333333334,5.9
2026-07-06 22:00:00,5.2,86,5.7,0.0,8.9,83.66666666666667,11.716666666666669,128.83333333333334,5.2
2026-07-06 23:00:00,4.7,89,5.4,0.0,8.641666666666667,83.41666666666667,11.545833333333334,128.83333333333334,4.7
2026-07-07 00:00:00,4.2,91,5.8,0.0,8.375000000000002,83.25,11.345833333333333,128.83333333333334,4.2
2026-07-07 01:00:00,4.1,90,6.9,0.0,8.158333333333333,82.95833333333333,11.216666666666667,128.83333333333334,4.1
2026-07-07 02:00:00,3.9,90,7.2,0.0,7.937500000000001,82.66666666666667,11.024999999999999,128.83333333333334,3.9
2026-07-07 03:00:00,3.3,92,7.0,0.0,7.6875,82.41666666666667,10.679166666666667,128.83333333333334,3.3
2026-07-07 04:00:00,3.0,93,8.8,0.0,7.441666666666666,82.125,10.383333333333333,128.83333333333334,3.0
2026-07-07 05:00:00,2.9,93,9.3,0.0,7.208333333333333,81.91666666666667,10.095833333333333,128.83333333333334,2.9
2026-07-07 06:00:00,2.9,93,10.8,0.0,6.979166666666667,81.79166666666667,9.987499999999999,128.83333333333334,2.9
2026-07-07 07:00:00,2.9,93,11.1,0.0,6.758333333333334,81.70833333333333,9.854166666666666,128.83333333333334,2.9
2026-07-07 08:00:00,3.0,93,11.9,4.0,6.550000000000001,81.70833333333333,9.758333333333333,128.91666666666666,3.0
2026-07-07 09:00:00,5.1,91,13.3,114.0,6.441666666666666,81.79166666666667,9.799999999999999,131.16666666666666,5.1
2026-07-07 10:00:00,7.8,83,11.5,291.0,6.429166666666666,81.83333333333333,9.737499999999999,136.45833333333334,7.8
2026-07-07 11:00:00,10.4,73,13.4,446.0,6.512499999999999,81.70833333333333,9.766666666666667,145.33333333333334,10.4
2026-07-07 12:00:00,12.5,64,14.9,554.0,6.629166666666666,81.58333333333333,9.775,151.29166666666666,12.5
2026-07-07 13:00:00,13.9,57,15.0,603.0,6.783333333333334,81.25,9.808333333333334,156.16666666666666,13.9
2026-07-07 14:00:00,14.6,53,14.4,589.0,6.941666666666666,80.79166666666667,9.8375,156.41666666666666,14.6
2026-07-07 15:00:00,15.7,49,12.7,515.0,7.116666666666667,80.25,9.8375,156.70833333333334,15.7
2026-07-07 16:00:00,15.4,50,11.5,386.0,7.283333333333332,79.75,9.8,157.04166666666666,15.4
2026-07-07 17:00:00,14.3,60,7.3,219.0,7.429166666666667,79.5,9.666666666666668,157.16666666666666,14.3
2026-07-07 18:00:00,11.2,70,6.7,51.0,7.541666666666667,79.20833333333333,9.6875,157.16666666666666,11.2
2026-07-07 19:00:00,9.8,74,7.0,0.0,7.641666666666667,78.91666666666667,9.645833333333334,157.16666666666666,9.8
2026-07-07 20:00:00,8.9,77,7.0,0.0,7.733333333333333,78.66666666666667,9.625,157.16666666666666,8.9
2026-07-07 21:00:00,7.7,81,9.0,0.0,7.808333333333334,78.54166666666667,9.733333333333333,157.16666666666666,7.7
2026-07-07 22:00:00,7.0,83,8.7,0.0,7.883333333333333,78.41666666666667,9.858333333333333,157.16666666666666,7.0
2026-07-07 23:00:00,6.5,86,9.2,0.0,7.958333333333333,78.29166666666667,10.016666666666667,157.16666666666666,6.5
2026-07-08 00:00:00,5.9,88,7.4,0.0,8.029166666666667,78.16666666666667,10.083333333333334,157.16666666666666,5.9
2026-07-08 01:00:00,5.8,88,9.6,0.0,8.1,78.08333333333333,10.195833333333335,157.16666666666666,5.8
2026-07-08 02:00:00,5.8,87,10.8,0.0,8.179166666666665,77.95833333333333,10.345833333333333,157.16666666666666,5.8
2026-07-08 03:00:00,5.0,88,8.1,0.0,8.25,77.79166666666667,10.391666666666666,157.16666666666666,5.0
2026-07-08 04:00:00,4.5,89,6.4,0.0,8.3125,77.625,10.291666666666666,157.16666666666666,4.5
2026-07-08 05:00:00,4.6,89,8.4,0.0,8.383333333333333,77.45833333333333,10.254166666666666,157.16666666666666,4.6
2026-07-08 06:00:00,4.6,89,10.0,0.0,8.454166666666667,77.29166666666667,10.220833333333333,157.16666666666666,4.6
2026-07-08 07:00:00,4.5,89,10.6,0.0,8.520833333333334,77.125,10.2,157.16666666666666,4.5
2026-07-08 08:00:00,4.5,89,10.1,4.0,8.583333333333334,76.95833333333333,10.125,157.16666666666666,4.5
2026-07-08 09:00:00,6.8,85,11.0,112.0,8.654166666666667,76.70833333333333,10.029166666666667,157.08333333333334,6.8
2026-07-08 10:00:00,9.5,79,8.5,288.0,8.725,76.54166666666667,9.904166666666667,156.95833333333334,9.5
2026-07-08 11:00:00,12.1,71,8.7,443.0,8.795833333333333,76.45833333333333,9.708333333333334,156.83333333333334,12.1
2026-07-08 12:00:00,14.4,64,8.8,548.0,8.875,76.45833333333333,9.454166666666666,156.58333333333334,14.4
2026-07-08 13:00:00,16.1,57,9.9,587.0,8.966666666666667,76.45833333333333,9.241666666666665,155.91666666666666,16.1
2026-07-08 14:00:00,17.2,53,11.1,565.0,9.075000000000001,76.45833333333333,9.104166666666666,154.91666666666666,17.2
2026-07-08 15:00:00,18.5,49,10.8,464.0,9.191666666666666,76.45833333333333,9.025,152.79166666666666,18.5
2026-07-08 16:00:00,18.1,57,8.5,322.0,9.304166666666667,76.75,8.9,150.125,18.1
2026-07-08 17:00:00,16.7,70,4.8,210.0,9.404166666666667,77.16666666666667,8.795833333333333,149.75,16.7
2026-07-08 18:00:00,13.5,74,5.6,53.0,9.5,77.33333333333333,8.75,149.83333333333334,13.5
2026-07-08 19:00:00,12.1,79,8.3,0.0,9.595833333333333,77.54166666666667,8.804166666666667,149.83333333333334,12.1
2026-07-08 20:00:00,11.1,81,10.7,0.0,9.6875,77.70833333333333,8.958333333333334,149.83333333333334,11.1
2026-07-08 21:00:00,10.4,84,12.9,0.0,9.8,77.83333333333333,9.120833333333334,149.83333333333334,10.4
2026-07-08 22:00:00,9.9,85,12.7,0.0,9.920833333333334,77.91666666666667,9.2875,149.83333333333334,9.9
2026-07-08 23:00:00,9.3,86,11.1,0.0,10.0375,77.91666666666667,9.366666666666665,149.83333333333334,9.3
2026-07-09 00:00:00,8.5,86,10.4,0.0,10.145833333333334,77.83333333333333,9.491666666666665,149.83333333333334,8.5
2026-07-09 01:00:00,8.1,86,9.9,0.0,10.241666666666665,77.75,9.504166666666666,149.83333333333334,8.1
2026-07-09 02:00:00,7.9,86,10.1,0.0,10.329166666666667,77.70833333333333,9.475,149.83333333333334,7.9
2026-07-09 03:00:00,7.2,87,8.1,0.0,10.420833333333334,77.66666666666667,9.475,149.83333333333334,7.2
2026-07-09 04:00:00,6.7,88,8.7,0.0,10.512500000000001,77.625,9.570833333333335,149.83333333333334,6.7
2026-07-09 05:00:00,6.5,88,6.5,0.0,10.591666666666667,77.58333333333333,9.491666666666667,149.83333333333334,6.5
2026-07-09 06:00:00,6.8,86,7.6,0.0,10.683333333333332,77.45833333333333,9.391666666666667,149.83333333333334,6.8
2026-07-09 07:00:00,7.3,85,8.0,0.0,10.799999999999999,77.29166666666667,9.283333333333333,149.83333333333334,7.3
2026-07-09 08:00:00,7.9,82,8.4,4.0,10.941666666666665,77.0,9.2125,149.83333333333334,7.9
2026-07-09 09:00:00,10.5,78,10.3,100.0,11.095833333333333,76.70833333333333,9.183333333333334,149.33333333333334,10.5
2026-07-09 10:00:00,13.1,74,8.1,197.0,11.245833333333335,76.5,9.166666666666666,145.54166666666666,13.1
2026-07-09 11:00:00,14.4,72,5.6,201.0,11.341666666666667,76.54166666666667,9.0375,135.45833333333334,14.4
2026-07-09 12:00:00,16.6,66,5.8,357.0,11.433333333333335,76.625,8.9125,127.5,16.6
2026-07-09 13:00:00,18.6,62,5.6,484.0,11.5375,76.83333333333333,8.733333333333333,123.20833333333333,18.6
2026-07-09 14:00:00,19.8,60,5.9,503.0,11.645833333333334,77.125,8.516666666666667,120.625,19.8
2026-07-09 15:00:00,20.3,59,6.2,427.0,11.720833333333333,77.54166666666667,8.325000000000001,119.08333333333333,20.3
2026-07-09 16:00:00,20.5,61,5.8,342.0,11.820833333333333,77.70833333333333,8.2125,119.91666666666667,20.5
2026-07-09 17:00:00,19.5,75,4.0,204.0,11.9375,77.91666666666667,8.179166666666665,119.66666666666667,19.5
2026-07-09 18:00:00,17.1,79,3.2,48.0,12.0875,78.125,8.079166666666667,119.45833333333333,17.1
2026-07-09 19:00:00,15.7,83,2.5,0.0,12.237500000000002,78.29166666666667,7.837500000000001,119.45833333333333,15.7
2026-07-09 20:00:00,14.5,88,4.0,0.0,12.379166666666668,78.58333333333333,7.558333333333334,119.45833333333333,14.5
2026-07-09 21:00:00,13.7,90,4.2,0.0,12.516666666666667,78.83333333333333,7.195833333333333,119.45833333333333,13.7
2026-07-09 22:00:00,13.6,91,4.8,0.0,12.670833333333333,79.08333333333333,6.866666666666667,119.45833333333333,13.6
2026-07-09 23:00:00,12.5,94,5.4,0.0,12.804166666666665,79.41666666666667,6.629166666666666,119.45833333333333,12.5
2026-07-10 00:00:00,12.0,94,4.4,0.0,12.949999999999998,79.75,6.379166666666666,119.45833333333333,12.0
2026-07-10 01:00:00,13.3,92,5.4,0.0,13.166666666666666,80.0,6.191666666666666,119.45833333333333,13.3
2026-07-10 02:00:00,13.1,92,3.8,0.0,13.383333333333333,80.25,5.929166666666667,119.45833333333333,13.1
2026-07-10 03:00:00,12.2,96,9.3,0.0,13.591666666666667,80.625,5.979166666666667,119.45833333333333,12.2
2026-07-10 04:00:00,12.4,96,6.1,0.0,13.829166666666666,80.95833333333333,5.870833333333333,119.45833333333333,12.4
2026-07-10 05:00:00,12.7,97,9.4,0.0,14.0875,81.33333333333333,5.991666666666666,119.45833333333333,12.7
2026-07-10 06:00:00,12.9,97,8.2,0.0,14.341666666666667,81.79166666666667,6.016666666666667,119.45833333333333,12.9
2026-07-10 07:00:00,12.8,97,8.0,0.0,14.570833333333333,82.29166666666667,6.016666666666667,119.45833333333333,12.8
2026-07-10 08:00:00,12.7,97,10.1,3.0,14.770833333333334,82.91666666666667,6.0874999999999995,119.41666666666667,12.7
2026-07-10 09:00:00,13.7,96,10.6,40.0,14.904166666666667,83.66666666666667,6.1000000000000005,116.91666666666667,13.7
2026-07-10 10:00:00,15.2,96,7.1,165.0,14.991666666666665,84.58333333333333,6.058333333333334,115.58333333333333,15.2
2026-07-10 11:00:00,17.0,91,10.4,319.0,15.1,85.375,6.258333333333333,120.5,17.0
2026-07-10 12:00:00,19.1,81,10.8,458.0,15.204166666666666,86.0,6.466666666666668,124.70833333333333,19.1
2026-07-10 13:00:00,20.2,75,11.7,493.0,15.270833333333334,86.54166666666667,6.720833333333334,125.08333333333333,20.2
2026-07-10 14:00:00,21.1,71,12.7,554.0,15.325000000000001,87.0,7.004166666666666,127.20833333333333,21.1
2026-07-10 15:00:00,21.7,69,13.6,453.0,15.383333333333333,87.41666666666667,7.3125,128.29166666666666,21.7
2026-07-10 16:00:00,21.4,70,13.6,359.0,15.420833333333333,87.79166666666667,7.6375,129.0,21.4
2026-07-10 17:00:00,20.3,76,13.6,192.0,15.454166666666666,87.83333333333333,8.0375,128.5,20.3
2026-07-10 18:00:00,18.6,82,13.4,40.0,15.516666666666666,87.95833333333333,8.4625,128.16666666666666,18.6
2026-07-10 19:00:00,17.6,86,13.8,0.0,15.595833333333331,88.08333333333333,8.933333333333332,128.16666666666666,17.6
2026-07-10 20:00:00,17.2,88,14.9,0.0,15.708333333333334,88.08333333333333,9.3875,128.16666666666666,17.2
2026-07-10 21:00:00,16.4,91,14.7,0.0,15.820833333333333,88.125,9.825000000000001,128.16666666666666,16.4
2026-07-10 22:00:00,16.1,91,14.4,0.0,15.925000000000002,88.125,10.225,128.16666666666666,16.1
2026-07-10 23:00:00,15.9,91,14.9,0.0,16.066666666666666,88.0,10.620833333333334,128.16666666666666,15.9
2026-07-11 00:00:00,15.1,95,12.1,0.0,16.195833333333336,88.04166666666667,10.941666666666668,128.16666666666666,15.1
2026-07-11 01:00:00,15.1,95,12.9,0.0,16.270833333333332,88.16666666666667,11.254166666666665,128.16666666666666,15.1
2026-07-11 02:00:00,14.9,96,12.4,0.0,16.345833333333335,88.33333333333333,11.612500000000002,128.16666666666666,14.9
2026-07-11 03:00:00,14.7,97,10.5,0.0,16.45,88.375,11.6625,128.16666666666666,14.7
2026-07-11 04:00:00,14.3,98,15.1,0.0,16.52916666666667,88.45833333333333,12.0375,128.16666666666666,14.3
2026-07-11 05:00:00,13.9,98,20.9,0.0,16.579166666666666,88.5,12.516666666666666,128.16666666666666,13.9
2026-07-11 06:00:00,13.3,97,15.8,0.0,16.595833333333335,88.5,12.833333333333334,128.16666666666666,13.3
2026-07-11 07:00:00,12.6,97,14.5,0.0,16.587500000000002,88.5,13.104166666666666,128.16666666666666,12.6
2026-07-11 08:00:00,12.1,97,12.6,4.0,16.5625,88.5,13.208333333333334,128.20833333333334,12.1
2026-07-11 09:00:00,13.1,97,8.5,89.0,16.5375,88.54166666666667,13.120833333333332,130.25,13.1
2026-07-11 10:00:00,14.3,92,9.9,168.0,16.5,88.375,13.237499999999999,130.375,14.3
2026-07-11 11:00:00,16.1,89,9.4,341.0,16.462500000000002,88.29166666666667,13.195833333333333,131.29166666666666,16.1
2026-07-11 12:00:00,16.5,87,10.6,316.0,16.354166666666668,88.54166666666667,13.1875,125.375,16.5
2026-07-11 13:00:00,18.8,77,11.7,464.0,16.295833333333334,88.625,13.1875,124.16666666666667,18.8
2026-07-11 14:00:00,19.7,73,15.9,542.0,16.2375,88.70833333333333,13.320833333333333,123.66666666666667,19.7
2026-07-11 15:00:00,19.8,69,17.2,293.0,16.158333333333335,88.70833333333333,13.470833333333333,117.0,19.8
2026-07-11 16:00:00,19.8,68,16.2,286.0,16.09166666666667,88.625,13.579166666666666,113.95833333333333,19.8
2026-07-11 17:00:00,19.0,73,11.7,196.0,16.0375,88.5,13.5,114.125,19.0
2026-07-11 18:00:00,16.8,82,9.0,49.0,15.9625,88.5,13.316666666666668,114.5,16.8
2026-07-11 19:00:00,15.6,88,10.7,0.0,15.879166666666665,88.58333333333333,13.1875,114.5,15.6
2026-07-11 20:00:00,14.7,90,10.4,0.0,15.774999999999999,88.66666666666667,13.0,114.5,14.7
2026-07-11 21:00:00,13.4,94,10.6,0.0,15.65,88.79166666666667,12.829166666666667,114.5,13.4
2026-07-11 22:00:00,13.0,96,9.2,0.0,15.520833333333334,89.0,12.612499999999999,114.5,13.0
2026-07-11 23:00:00,12.3,96,11.3,0.0,15.370833333333335,89.20833333333333,12.4625,114.5,12.3
2026-07-12 00:00:00,11.9,96,13.5,0.0,15.237499999999999,89.25,12.520833333333334,114.5,11.9
2026-07-12 01:00:00,11.5,96,13.8,0.0,15.0875,89.29166666666667,12.558333333333332,114.5,11.5
2026-07-12 02:00:00,11.5,94,14.2,0.0,14.945833333333333,89.20833333333333,12.633333333333335,114.5,11.5
2026-07-12 03:00:00,12.1,89,16.0,0.0,14.8375,88.875,12.862500000000002,114.5,12.1
2026-07-12 04:00:00,11.2,88,16.6,0.0,14.708333333333334,88.45833333333333,12.924999999999999,114.5,11.2
2026-07-12 05:00:00,11.5,88,15.8,0.0,14.608333333333334,88.04166666666667,12.712499999999999,114.5,11.5
2026-07-12 06:00:00,11.4,87,15.5,0.0,14.529166666666667,87.625,12.700000000000001,114.5,11.4
2026-07-12 07:00:00,11.1,85,15.3,0.0,14.466666666666669,87.125,12.733333333333334,114.5,11.1
2026-07-12 08:00:00,9.6,87,15.2,4.0,14.362499999999999,86.70833333333333,12.841666666666667,114.5,9.6
2026-07-12 09:00:00,9.8,84,18.9,97.0,14.225,86.16666666666667,13.275,114.83333333333333,9.8
2026-07-12 10:00:00,10.1,80,18.4,129.0,14.050000000000002,85.66666666666667,13.629166666666668,113.20833333333333,10.1
2026-07-12 11:00:00,10.8,76,17.8,221.0,13.829166666666667,85.125,13.979166666666666,108.20833333333333,10.8
2026-07-12 12:00:00,12.0,70,17.2,285.0,13.641666666666667,84.41666666666667,14.254166666666668,106.91666666666667,12.0
2026-07-12 13:00:00,12.7,68,16.6,334.0,13.387500000000001,84.04166666666667,14.458333333333334,101.5,12.7
2026-07-12 14:00:00,13.5,64,15.9,376.0,13.129166666666668,83.66666666666667,14.458333333333334,94.58333333333333,13.5
2026-07-12 15:00:00,14.2,62,16.3,326.0,12.895833333333334,83.375,14.420833333333334,95.95833333333333,14.2
2026-07-12 16:00:00,14.0,62,15.5,275.0,12.654166666666667,83.125,14.391666666666667,95.5,14.0
2026-07-12 17:00:00,13.6,66,13.3,171.0,12.429166666666667,82.83333333333333,14.458333333333336,94.45833333333333,13.6
2026-07-12 18:00:00,12.0,73,11.0,44.0,12.229166666666666,82.45833333333333,14.541666666666666,94.25,12.0
2026-07-12 19:00:00,11.5,75,14.7,0.0,12.058333333333335,81.91666666666667,14.708333333333334,94.25,11.5
2026-07-12 20:00:00,10.4,79,13.6,0.0,11.879166666666668,81.45833333333333,14.841666666666667,94.25,10.4
2026-07-12 21:00:00,9.9,82,10.0,0.0,11.733333333333333,80.95833333333333,14.816666666666665,94.25,9.9
2026-07-12 22:00:00,10.1,81,9.1,0.0,11.612499999999999,80.33333333333333,14.8125,94.25,10.1
2026-07-12 23:00:00,10.1,82,9.4,0.0,11.520833333333334,79.75,14.733333333333333,94.25,10.1
2026-07-13 00:00:00,10.2,79,11.3,0.0,11.450000000000001,79.04166666666667,14.641666666666666,94.25,10.2
2026-07-13 01:00:00,9.8,78,8.8,0.0,11.379166666666668,78.29166666666667,14.433333333333335,94.25,9.8
2026-07-13 02:00:00,9.0,83,6.0,0.0,11.275,77.83333333333333,14.091666666666667,94.25,9.0
2026-07-13 03:00:00,8.8,84,5.4,0.0,11.137499999999998,77.625,13.649999999999999,94.25,8.8
2026-07-13 04:00:00,9.0,83,7.1,0.0,11.045833333333333,77.41666666666667,13.254166666666668,94.25,9.0
2026-07-13 05:00:00,8.9,83,7.4,0.0,10.9375,77.20833333333333,12.904166666666667,94.25,8.9
2026-07-13 06:00:00,8.8,83,7.2,0.0,10.829166666666667,77.04166666666667,12.558333333333335,94.25,8.8
2026-07-13 07:00:00,8.5,86,7.9,0.0,10.720833333333333,77.08333333333333,12.25,94.25,8.5
2026-07-13 08:00:00,8.3,89,7.6,3.0,10.666666666666666,77.16666666666667,11.933333333333335,94.20833333333333,8.3
2026-07-13 09:00:00,8.9,91,5.8,82.0,10.629166666666668,77.45833333333333,11.387499999999998,93.58333333333333,8.9
2026-07-13 10:00:00,10.5,77,7.4,221.0,10.645833333333334,77.33333333333333,10.929166666666667,97.41666666666667,10.5
2026-07-13 11:00:00,11.4,71,11.2,315.0,10.670833333333334,77.125,10.654166666666667,101.33333333333333,11.4
2026-07-13 12:00:00,11.9,69,10.6,334.0,10.666666666666666,77.08333333333333,10.379166666666666,103.375,11.9
2026-07-13 13:00:00,12.5,68,9.7,386.0,10.658333333333333,77.08333333333333,10.091666666666667,105.54166666666667,12.5
2026-07-13 14:00:00,13.2,64,8.6,397.0,10.645833333333334,77.08333333333333,9.7875,106.41666666666667,13.2
2026-07-13 15:00:00,13.3,65,9.4,369.0,10.608333333333333,77.20833333333333,9.5,108.20833333333333,13.3
2026-07-13 16:00:00,13.2,65,10.5,279.0,10.575000000000001,77.33333333333333,9.291666666666666,108.375,13.2
2026-07-13 17:00:00,12.8,67,11.1,180.0,10.541666666666666,77.375,9.200000000000001,108.75,12.8
2026-07-13 18:00:00,11.3,76,9.9,44.0,10.512500000000001,77.5,9.154166666666667,108.75,11.3
2026-07-13 19:00:00,10.1,82,11.6,0.0,10.454166666666667,77.79166666666667,9.025,108.75,10.1
2026-07-13 20:00:00,9.4,85,14.7,0.0,10.4125,78.04166666666667,9.070833333333333,108.75,9.4
2026-07-13 21:00:00,8.9,88,14.1,0.0,10.370833333333334,78.29166666666667,9.241666666666665,108.75,8.9
2026-07-13 22:00:00,8.5,90,12.8,0.0,10.304166666666667,78.66666666666667,9.395833333333334,108.75,8.5
2026-07-13 23:00:00,8.1,91,13.5,0.0,10.220833333333333,79.04166666666667,9.566666666666666,108.75,8.1
2026-07-14 00:00:00,8.0,91,14.5,0.0,10.129166666666668,79.54166666666667,9.700000000000001,108.75,8.0
2026-07-14 01:00:00,7.7,93,14.2,0.0,10.041666666666666,80.16666666666667,9.924999999999999,108.75,7.7
2026-07-14 02:00:00,7.3,94,14.1,0.0,9.970833333333333,80.625,10.2625,108.75,7.3
2026-07-14 03:00:00,7.0,95,13.9,0.0,9.895833333333334,81.08333333333333,10.616666666666665,108.75,7.0
2026-07-14 04:00:00,6.7,96,12.6,0.0,9.799999999999999,81.625,10.845833333333333,108.75,6.7
2026-07-14 05:00:00,6.5,95,11.8,0.0,9.700000000000001,82.125,11.029166666666667,108.75,6.5
2026-07-14 06:00:00,6.2,96,10.3,0.0,9.591666666666667,82.66666666666667,11.158333333333333,108.75,6.2
2026-07-14 07:00:00,6.0,95,10.8,0.0,9.4875,83.04166666666667,11.279166666666669,108.75,6.0
2026-07-14 08:00:00,6.0,95,11.4,5.0,9.391666666666667,83.29166666666667,11.4375,108.83333333333333,6.0
2026-07-14 09:00:00,7.8,94,11.7,119.0,9.345833333333333,83.41666666666667,11.683333333333332,110.375,7.8
2026-07-14 10:00:00,10.5,87,10.1,299.0,9.345833333333333,83.83333333333333,11.795833333333334,113.625,10.5
2026-07-14 11:00:00,13.1,74,12.5,456.0,9.416666666666666,83.95833333333333,11.850000000000001,119.5,13.1
2026-07-14 12:00:00,15.1,68,11.6,566.0,9.55,83.91666666666667,11.891666666666666,129.16666666666666,15.1
2026-07-14 13:00:00,16.9,64,11.1,618.0,9.733333333333333,83.75,11.950000000000001,138.83333333333334,16.9
2026-07-14 14:00:00,18.1,60,11.6,603.0,9.9375,83.58333333333333,12.075000000000001,147.41666666666666,18.1
2026-07-14 15:00:00,19.6,56,12.0,525.0,10.200000000000001,83.20833333333333,12.183333333333335,153.91666666666666,19.6
2026-07-14 16:00:00,19.4,57,11.8,397.0,10.458333333333334,82.875,12.237499999999999,158.83333333333334,19.4
2026-07-14 17:00:00,18.2,66,9.6,230.0,10.683333333333332,82.83333333333333,12.174999999999999,160.91666666666666,18.2
2026-07-14 18:00:00,15.4,76,9.6,60.0,10.854166666666666,82.83333333333333,12.162500000000001,161.58333333333334,15.4
2026-07-14 19:00:00,14.1,80,12.4,0.0,11.020833333333334,82.75,12.195833333333333,161.58333333333334,14.1
2026-07-14 20:00:00,13.7,81,13.6,0.0,11.200000000000001,82.58333333333333,12.15,161.58333333333334,13.7
2026-07-14 21:00:00,12.8,82,14.8,0.0,11.362500000000002,82.33333333333333,12.179166666666665,161.58333333333334,12.8
2026-07-14 22:00:00,12.2,83,14.7,0.0,11.516666666666667,82.04166666666667,12.258333333333335,161.58333333333334,12.2
2026-07-14 23:00:00,11.8,83,14.6,0.0,11.670833333333334,81.70833333333333,12.304166666666667,161.58333333333334,11.8
2026-07-15 00:00:00,11.5,83,13.4,0.0,11.816666666666668,81.375,12.258333333333335,161.58333333333334,11.5
2026-07-15 01:00:00,11.2,83,12.5,0.0,11.9625,80.95833333333333,12.1875,161.58333333333334,11.2
2026-07-15 02:00:00,10.8,85,11.5,0.0,12.108333333333334,80.58333333333333,12.079166666666667,161.58333333333334,10.8
2026-07-15 03:00:00,10.2,85,10.3,0.0,12.241666666666667,80.16666666666667,11.929166666666665,161.58333333333334,10.2
2026-07-15 04:00:00,10.3,83,11.2,0.0,12.391666666666666,79.625,11.870833333333335,161.58333333333334,10.3
2026-07-15 05:00:00,10.3,82,12.4,0.0,12.549999999999999,79.08333333333333,11.895833333333334,161.58333333333334,10.3
2026-07-15 06:00:00,10.1,81,12.8,0.0,12.7125,78.45833333333333,12.0,161.58333333333334,10.1
2026-07-15 07:00:00,9.9,82,13.1,0.0,12.875,77.91666666666667,12.095833333333331,161.58333333333334,9.9
2026-07-15 08:00:00,9.9,82,13.3,5.0,13.037500000000001,77.375,12.174999999999999,161.58333333333334,9.9
2026-07-15 09:00:00,12.4,77,14.6,118.0,13.229166666666666,76.66666666666667,12.295833333333334,161.54166666666666,12.4
2026-07-15 10:00:00,15.1,72,12.9,294.0,13.420833333333334,76.04166666666667,12.4125,161.33333333333334,15.1
2026-07-15 11:00:00,17.4,65,14.6,448.0,13.6,75.66666666666667,12.5,161.0,17.4
2026-07-15 12:00:00,19.1,61,16.8,552.0,13.766666666666667,75.375,12.716666666666669,160.41666666666666,19.1
2026-07-15 13:00:00,20.3,59,17.9,599.0,13.908333333333333,75.16666666666667,13.0,159.625,20.3
2026-07-15 14:00:00,21.2,58,16.5,587.0,14.037500000000001,75.08333333333333,13.204166666666666,158.95833333333334,21.2
2026-07-15 15:00:00,22.5,57,15.3,504.0,14.158333333333333,75.125,13.341666666666667,158.08333333333334,22.5
2026-07-15 16:00:00,22.5,60,13.4,389.0,14.287500000000001,75.25,13.408333333333333,157.75,22.5
2026-07-15 17:00:00,21.4,66,12.5,225.0,14.420833333333334,75.25,13.529166666666667,157.54166666666666,21.4
2026-07-15 18:00:00,19.1,73,12.6,58.0,14.575000000000001,75.125,13.654166666666667,157.45833333333334,19.1
2026-07-15 19:00:00,18.0,75,14.3,0.0,14.737500000000002,74.91666666666667,13.733333333333334,157.45833333333334,18.0
2026-07-15 20:00:00,17.5,75,15.3,0.0,14.895833333333334,74.66666666666667,13.804166666666665,157.45833333333334,17.5
2026-07-15 21:00:00,16.8,76,15.7,0.0,15.062500000000002,74.41666666666667,13.841666666666669,157.45833333333334,16.8
2026-07-15 22:00:00,16.4,75,15.9,0.0,15.237499999999999,74.08333333333333,13.891666666666666,157.45833333333334,16.4
2026-07-15 23:00:00,16.3,74,15.9,0.0,15.424999999999999,73.70833333333333,13.945833333333333,157.45833333333334,16.3
2026-07-16 00:00:00,16.3,72,15.7,0.0,15.625000000000002,73.25,14.041666666666666,157.45833333333334,16.3
2026-07-16 01:00:00,16.5,68,15.4,0.0,15.845833333333333,72.625,14.1625,157.45833333333334,16.5
2026-07-16 02:00:00,16.4,67,11.3,0.0,16.079166666666666,71.875,14.154166666666667,157.45833333333334,16.4
2026-07-16 03:00:00,15.6,71,8.7,0.0,16.304166666666667,71.29166666666667,14.0875,157.45833333333334,15.6
2026-07-16 04:00:00,16.0,69,13.1,0.0,16.541666666666668,70.70833333333333,14.166666666666666,157.45833333333334,16.0
2026-07-16 05:00:00,16.2,67,16.3,0.0,16.7875,70.08333333333333,14.329166666666666,157.45833333333334,16.2
2026-07-16 06:00:00,16.4,65,19.1,0.0,17.05,69.41666666666667,14.591666666666667,157.45833333333334,16.4
2026-07-16 07:00:00,17.0,62,21.0,0.0,17.345833333333335,68.58333333333333,14.920833333333334,157.45833333333334,17.0
2026-07-16 08:00:00,17.6,60,21.7,4.0,17.666666666666668,67.66666666666667,15.270833333333334,157.41666666666666,17.6
2026-07-16 09:00:00,19.2,59,22.9,83.0,17.95,66.91666666666667,15.616666666666667,155.95833333333334,19.2
2026-07-16 10:00:00,20.7,57,24.2,222.0,18.183333333333334,66.29166666666667,16.087500000000002,152.95833333333334,20.7
2026-07-16 11:00:00,21.9,59,22.0,347.0,18.370833333333334,66.04166666666667,16.395833333333332,148.75,21.9
2026-07-16 12:00:00,23.9,57,23.0,532.0,18.570833333333333,65.875,16.654166666666665,147.91666666666666,23.9
2026-07-16 13:00:00,25.5,54,18.3,568.0,18.787499999999998,65.66666666666667,16.670833333333334,146.625,25.5
2026-07-16 14:00:00,22.9,74,14.0,509.0,18.85833333333333,66.33333333333333,16.566666666666666,143.375,22.9
2026-07-16 15:00:00,26.4,65,12.4,296.0,19.020833333333332,66.66666666666667,16.445833333333333,134.70833333333334,26.4
2026-07-16 16:00:00,27.9,53,36.8,321.0,19.245833333333334,66.375,17.420833333333334,131.875,28.60588267400982
2026-07-16 17:00:00,27.1,53,31.4,211.0,19.483333333333334,65.83333333333333,18.208333333333332,131.29166666666666,27.70835217800983
2026-07-16 18:00:00,25.9,53,29.5,56.0,19.766666666666666,65.0,18.912499999999998,131.20833333333334,25.9
2026-07-16 19:00:00,25.1,53,28.7,0.0,20.0625,64.08333333333333,19.5125,131.20833333333334,25.1
2026-07-16 20:00:00,24.7,53,28.3,0.0,20.3625,63.166666666666664,20.054166666666667,131.20833333333334,24.7
2026-07-16 21:00:00,23.8,56,28.9,0.0,20.654166666666665,62.333333333333336,20.604166666666668,131.20833333333334,23.8
2026-07-16 22:00:00,23.5,56,28.0,0.0,20.95,61.541666666666664,21.108333333333334,131.20833333333334,23.5
2026-07-16 23:00:00,23.0,58,26.3,0.0,21.229166666666668,60.875,21.541666666666668,131.20833333333334,23.0
2026-07-17 00:00:00,22.6,59,25.7,0.0,21.491666666666664,60.333333333333336,21.958333333333332,131.20833333333334,22.6
2026-07-17 01:00:00,22.5,61,25.6,0.0,21.741666666666664,60.041666666666664,22.383333333333336,131.20833333333334,22.5
2026-07-17 02:00:00,22.3,62,23.6,0.0,21.9875,59.833333333333336,22.895833333333332,131.20833333333334,22.3
2026-07-17 03:00:00,22.8,63,26.1,0.0,22.287499999999998,59.5,23.620833333333334,131.20833333333334,22.8
2026-07-17 04:00:00,22.8,64,26.4,0.0,22.57083333333333,59.291666666666664,24.174999999999997,131.20833333333334,22.8
2026-07-17 05:00:00,22.7,65,26.5,0.0,22.84166666666667,59.208333333333336,24.599999999999998,131.20833333333334,22.7
2026-07-17 06:00:00,22.5,67,25.8,0.0,23.09583333333333,59.291666666666664,24.879166666666666,131.20833333333334,22.5
2026-07-17 07:00:00,22.4,68,28.4,0.0,23.32083333333333,59.541666666666664,25.1875,131.20833333333334,22.4
2026-07-17 08:00:00,22.2,70,26.8,5.0,23.512500000000003,59.958333333333336,25.399999999999995,131.25,22.2
2026-07-17 09:00:00,23.9,67,30.1,101.0,23.708333333333332,60.291666666666664,25.7,132.0,23.9
2026-07-17 10:00:00,25.5,64,33.2,270.0,23.90833333333333,60.583333333333336,26.075000000000003,134.0,25.5
2026-07-17 11:00:00,26.8,64,25.4,413.0,24.112499999999997,60.791666666666664,26.21666666666667,136.75,26.8
2026-07-17 12:00:00,28.2,59,34.1,529.0,24.291666666666668,60.875,26.67916666666667,136.625,29.63140916490819
2026-07-17 13:00:00,28.6,59,31.9,577.0,24.420833333333334,61.083333333333336,27.245833333333334,137.0,30.23960678634822
2026-07-17 14:00:00,28.9,59,29.4,566.0,24.670833333333334,60.458333333333336,27.8875,139.375,30.71795518434817
2026-07-17 15:00:00,30.3,56,31.3,498.0,24.833333333333332,60.083333333333336,28.675,147.79166666666666,32.593981017239216
2026-07-17 16:00:00,30.2,56,33.9,371.0,24.929166666666664,60.208333333333336,28.55416666666667,149.875,32.41667696693922
2026-07-17 17:00:00,29.3,58,31.5,217.0,25.020833333333332,60.416666666666664,28.558333333333334,150.125,31.22379834440084
2026-07-17 18:00:00,28.6,59,31.7,56.0,25.13333333333333,60.666666666666664,28.649999999999995,150.125,30.23960678634822
2026-07-17 19:00:00,28.1,62,28.4,0.0,25.258333333333336,61.041666666666664,28.637500000000003,150.125,29.83292025077677
2026-07-17 20:00:00,27.5,64,24.5,0.0,25.375,61.5,28.479166666666668,150.125,29.11547029303118
2026-07-17 21:00:00,26.4,69,18.1,0.0,25.483333333333334,62.041666666666664,28.029166666666665,150.125,26.4
2026-07-17 22:00:00,25.8,71,16.2,0.0,25.57916666666667,62.666666666666664,27.537499999999998,150.125,25.8
2026-07-17 23:00:00,24.4,75,15.8,0.0,25.637500000000003,63.375,27.099999999999998,150.125,24.4
2026-07-18 00:00:00,21.0,91,2.7,0.0,25.570833333333336,64.70833333333333,26.141666666666666,150.125,21.0
2026-07-18 01:00:00,20.0,96,11.6,0.0,25.46666666666667,66.16666666666667,25.558333333333334,150.125,20.0
2026-07-18 02:00:00,20.3,95,11.2,0.0,25.38333333333333,67.54166666666667,25.041666666666668,150.125,20.3
2026-07-18 03:00:00,20.0,93,19.5,0.0,25.266666666666666,68.79166666666667,24.766666666666666,150.125,20.0
2026-07-18 04:00:00,20.1,93,5.7,0.0,25.15416666666667,70.0,23.90416666666667,150.125,20.1
2026-07-18 05:00:00,20.2,94,9.0,0.0,25.05,71.20833333333333,23.175,150.125,20.2
2026-07-18 06:00:00,19.5,97,19.8,0.0,24.925,72.45833333333333,22.924999999999997,150.125,19.5
2026-07-18 07:00:00,19.4,94,8.3,0.0,24.8,73.54166666666667,22.087500000000002,150.125,19.4
2026-07-18 08:00:00,19.0,97,3.4,3.0,24.666666666666668,74.66666666666667,21.1125,150.04166666666666,19.0
2026-07-18 09:00:00,22.7,86,24.4,26.0,24.616666666666664,75.45833333333333,20.875,146.91666666666666,22.7
2026-07-18 10:00:00,25.0,78,31.5,165.0,24.59583333333333,76.04166666666667,20.804166666666664,142.54166666666666,25.0
2026-07-18 11:00:00,26.4,71,34.5,253.0,24.57916666666667,76.33333333333333,21.183333333333334,135.875,26.4
2026-07-18 12:00:00,27.1,71,27.0,385.0,24.53333333333333,76.83333333333333,20.8875,129.875,29.11375079030023
2026-07-18 13:00:00,28.0,67,32.3,540.0,24.50833333333333,77.16666666666667,20.904166666666665,128.33333333333334,30.278777123525824
2026-07-18 14:00:00,28.0,67,39.0,476.0,24.47083333333333,77.5,21.304166666666667,124.58333333333333,30.278777123525824
2026-07-18 15:00:00,29.0,64,29.2,452.0,24.416666666666668,77.83333333333333,21.216666666666665,122.66666666666667,31.672529147531222
2026-07-18 16:00:00,29.0,64,30.1,382.0,24.366666666666664,78.16666666666667,21.058333333333334,123.125,31.672529147531222
2026-07-18 17:00:00,24.5,80,11.0,216.0,24.166666666666668,79.08333333333333,20.204166666666666,123.08333333333333,24.5
2026-07-18 18:00:00,18.0,100,15.5,42.0,23.724999999999998,80.79166666666667,19.529166666666665,122.5,18.0
2026-07-18 19:00:00,18.3,100,11.4,0.0,23.316666666666666,82.375,18.820833333333333,122.5,18.3
2026-07-18 20:00:00,18.8,95,19.8,0.0,22.954166666666666,83.66666666666667,18.625,122.5,18.8
2026-07-18 21:00:00,18.3,96,14.5,0.0,22.61666666666667,84.79166666666667,18.474999999999998,122.5,18.3
2026-07-18 22:00:00,18.2,97,9.9,0.0,22.299999999999997,85.875,18.2125,122.5,18.2
2026-07-18 23:00:00,18.4,97,14.2,0.0,22.05,86.79166666666667,18.145833333333332,122.5,18.4
