time,temperature_2m,relative_humidity_2m,wind_speed_10m,shortwave_radiation,temperature_2m_media_movel_24h,relative_humidity_2m_media_movel_24h,wind_speed_10m_media_movel_24h,shortwave_radiation_media_movel_24h,indice_calor_c
2026-06-27 00:00:00,8.5,77,15.9,0.0,8.5,77.0,15.9,0.0,8.499999999999998
2026-06-27 01:00:00,7.9,82,13.4,0.0,8.2,79.5,14.65,0.0,7.8999999999999995
2026-06-27 02:00:00,7.3,84,12.7,0.0,7.8999999999999995,81.0,14.0,0.0,7.300000000000001
2026-06-27 03:00:00,6.6,82,14.2,0.0,7.575,81.25,14.05,0.0,6.599999999999998
2026-06-27 04:00:00,6.7,76,15.0,0.0,7.4,80.2,14.24,0.0,6.700000000000001
2026-06-27 05:00:00,6.6,76,15.3,0.0,7.266666666666667,79.5,14.416666666666666,0.0,6.599999999999998
2026-06-27 06:00:00,6.6,76,16.6,0.0,7.171428571428572,79.0,14.728571428571428,0.0,6.599999999999998
2026-06-27 07:00:00,6.7,76,17.6,0.0,7.1125,78.625,15.0875,0.0,6.700000000000001
2026-06-27 08:00:00,6.9,77,16.8,6.0,7.088888888888889,78.44444444444444,15.277777777777779,0.6666666666666666,6.900000000000001
2026-06-27 09:00:00,8.6,74,15.3,119.0,7.24,78.0,15.280000000000001,12.5,8.599999999999998
2026-06-27 10:00:00,11.5,72,12.7,289.0,7.627272727272728,77.45454545454545,15.045454545454545,37.63636363636363,11.500000000000002
2026-06-27 11:00:00,14.2,65,11.4,432.0,8.174999999999999,76.41666666666667,14.741666666666667,70.5,14.200000000000001
2026-06-27 12:00:00,15.9,59,11.1,527.0,8.76923076923077,75.07692307692308,14.461538461538462,105.61538461538461,15.899999999999999
2026-06-27 13:00:00,16.9,57,10.6,564.0,9.35,73.78571428571429,14.185714285714285,138.35714285714286,16.900000000000002
2026-06-27 14:00:00,17.5,56,10.4,533.0,9.893333333333334,72.6,13.933333333333334,164.66666666666666,17.5
2026-06-27 15:00:00,17.8,55,11.2,442.0,10.3875,71.5,13.7625,182.0,17.800000000000004
2026-06-27 16:00:00,17.2,60,10.0,329.0,10.788235294117648,70.82352941176471,13.541176470588235,190.64705882352942,17.199999999999996
2026-06-27 17:00:00,15.7,68,9.3,150.0,11.06111111111111,70.66666666666667,13.305555555555555,188.38888888888889,15.699999999999998
2026-06-27 18:00:00,15.2,69,12.5,10.0,11.278947368421052,70.57894736842105,13.263157894736842,179.0,15.200000000000001
2026-06-27 19:00:00,14.7,72,10.9,0.0,11.45,70.65,13.145,170.05,14.699999999999996
2026-06-27 20:00:00,14.3,75,9.8,0.0,11.585714285714285,70.85714285714286,12.985714285714286,161.95238095238096,14.300000000000002
2026-06-27 21:00:00,13.5,79,15.8,0.0,11.672727272727274,71.22727272727273,13.113636363636363,154.5909090909091,13.499999999999998
2026-06-27 22:00:00,14.3,77,19.2,0.0,11.786956521739132,71.47826086956522,13.378260869565217,147.8695652173913,14.300000000000002
2026-06-27 23:00:00,14.6,76,22.4,0.0,11.904166666666667,71.66666666666667,13.754166666666668,141.70833333333334,14.600000000000001
2026-06-28 00:00:00,14.0,80,23.8,0.0,12.133333333333333,71.79166666666667,14.083333333333334,141.70833333333334,14.000000000000002
2026-06-28 01:00:00,14.0,82,20.9,0.0,12.387500000000001,71.79166666666667,14.395833333333334,141.70833333333334,14.000000000000002
2026-06-28 02:00:00,14.4,84,19.0,0.0,12.683333333333335,71.79166666666667,14.658333333333333,141.70833333333334,14.400000000000002
2026-06-28 03:00:00,14.4,87,18.1,0.0,13.008333333333333,72.0,14.820833333333333,141.70833333333334,14.400000000000002
2026-06-28 04:00:00,14.4,91,16.4,0.0,13.329166666666666,72.625,14.879166666666668,141.70833333333334,14.400000000000002
2026-06-28 05:00:00,14.2,95,13.3,0.0,13.645833333333334,73.41666666666667,14.795833333333334,141.70833333333334,14.200000000000001
2026-06-28 06:00:00,14.0,96,11.4,0.0,13.954166666666667,74.25,14.579166666666666,141.70833333333334,14.000000000000002
2026-06-28 07:00:00,13.9,97,6.2,0.0,14.254166666666668,75.125,14.104166666666666,141.70833333333334,13.900000000000002
2026-06-28 08:00:00,14.1,97,8.1,2.0,14.554166666666667,75.95833333333333,13.741666666666667,141.54166666666666,14.099999999999998
2026-06-28 09:00:00,14.6,97,8.5,20.0,14.804166666666667,76.91666666666667,13.458333333333334,137.41666666666666,14.600000000000001
2026-06-28 10:00:00,15.2,98,9.8,55.0,14.958333333333334,78.0,13.3375,127.66666666666667,15.200000000000001
2026-06-28 11:00:00,15.1,99,9.2,65.0,14.995833333333332,79.41666666666667,13.245833333333335,112.375,15.100000000000001
2026-06-28 12:00:00,15.7,96,13.4,172.0,14.987499999999999,80.95833333333333,13.341666666666667,97.58333333333333,15.699999999999998
2026-06-28 13:00:00,15.8,92,11.8,151.0,14.941666666666668,82.41666666666667,13.391666666666666,80.375,15.800000000000002
2026-06-28 14:00:00,16.2,87,15.0,159.0,14.887500000000001,83.70833333333333,13.583333333333334,64.79166666666667,16.2
2026-06-28 15:00:00,17.2,74,11.9,196.0,14.862499999999999,84.5,13.612499999999999,54.541666666666664,17.199999999999996
2026-06-28 16:00:00,17.1,72,15.1,220.0,14.858333333333334,85.0,13.825000000000001,50.0,17.1
2026-06-28 17:00:00,16.2,77,14.5,152.0,14.879166666666665,85.375,14.041666666666666,50.083333333333336,16.2
2026-06-28 18:00:00,14.7,81,17.8,21.0,14.858333333333333,85.875,14.262500000000001,50.541666666666664,14.699999999999996
2026-06-28 19:00:00,13.5,79,19.3,0.0,14.808333333333332,86.16666666666667,14.612500000000002,50.541666666666664,13.499999999999998
2026-06-28 20:00:00,12.0,81,15.3,0.0,14.712499999999999,86.41666666666667,14.841666666666669,50.541666666666664,12.0
2026-06-28 21:00:00,10.6,84,11.7,0.0,14.591666666666667,86.625,14.670833333333334,50.541666666666664,10.6
2026-06-28 22:00:00,9.7,89,9.5,0.0,14.399999999999999,87.125,14.266666666666667,50.541666666666664,9.700000000000001
2026-06-28 23:00:00,9.0,92,8.6,0.0,14.166666666666666,87.79166666666667,13.691666666666665,50.541666666666664,9.000000000000002
2026-06-29 00:00:00,8.4,93,8.1,0.0,13.933333333333332,88.33333333333333,13.037500000000001,50.541666666666664,8.400000000000002
2026-06-29 01:00:00,7.7,95,5.6,0.0,13.670833333333334,88.875,12.399999999999999,50.541666666666664,7.699999999999999
2026-06-29 02:00:00,6.9,97,4.8,0.0,13.358333333333333,89.41666666666667,11.808333333333332,50.541666666666664,6.900000000000001
2026-06-29 03:00:00,6.4,99,7.9,0.0,13.025,89.91666666666667,11.383333333333335,50.541666666666664,6.399999999999998
2026-06-29 04:00:00,6.0,99,7.3,0.0,12.675000000000002,90.25,11.004166666666665,50.541666666666664,5.999999999999998
2026-06-29 05:00:00,5.6,100,6.9,0.0,12.316666666666665,90.45833333333333,10.737499999999999,50.541666666666664,5.599999999999999
2026-06-29 06:00:00,5.5,100,4.8,0.0,11.962499999999999,90.625,10.4625,50.541666666666664,5.499999999999999
2026-06-29 07:00:00,5.4,100,5.6,0.0,11.608333333333334,90.75,10.437500000000002,50.541666666666664,5.3999999999999995
2026-06-29 08:00:00,5.4,100,2.9,3.0,11.245833333333332,90.875,10.220833333333333,50.583333333333336,5.3999999999999995
2026-06-29 09:00:00,5.9,97,4.8,46.0,10.883333333333333,90.875,10.066666666666666,51.666666666666664,5.900000000000002
2026-06-29 10:00:00,6.1,99,2.8,129.0,10.504166666666666,90.91666666666667,9.775,54.75,6.100000000000002
2026-06-29 11:00:00,6.6,97,1.2,165.0,10.15,90.83333333333333,9.441666666666666,58.916666666666664,6.599999999999998
2026-06-29 12:00:00,8.0,88,0.8,244.0,9.829166666666667,90.5,8.916666666666668,61.916666666666664,8.0
2026-06-29 13:00:00,9.1,81,1.5,328.0,9.549999999999999,90.04166666666667,8.4875,69.29166666666667,9.099999999999998
2026-06-29 14:00:00,10.2,76,2.7,394.0,9.3,89.58333333333333,7.9750000000000005,79.08333333333333,10.2
2026-06-29 15:00:00,10.9,76,5.6,390.0,9.0375,89.66666666666667,7.7124999999999995,87.16666666666667,10.900000000000002
2026-06-29 16:00:00,10.6,77,6.3,305.0,8.766666666666667,89.875,7.345833333333334,90.70833333333333,10.6
2026-06-29 17:00:00,9.9,80,5.7,164.0,8.504166666666666,90.0,6.979166666666667,91.20833333333333,9.899999999999999
2026-06-29 18:00:00,7.9,89,4.7,24.0,8.220833333333333,90.33333333333333,6.433333333333334,91.33333333333333,7.8999999999999995
2026-06-29 19:00:00,7.3,90,2.9,0.0,7.9624999999999995,90.79166666666667,5.75,91.33333333333333,7.300000000000001
2026-06-29 20:00:00,6.8,90,1.8,0.0,7.745833333333333,91.16666666666667,5.1875,91.33333333333333,6.799999999999997
2026-06-29 21:00:00,5.8,93,3.1,0.0,7.545833333333333,91.54166666666667,4.829166666666667,91.33333333333333,5.799999999999999
2026-06-29 22:00:00,5.3,94,3.6,0.0,7.362500000000001,91.75,4.583333333333333,91.33333333333333,5.3
2026-06-29 23:00:00,5.0,95,3.0,0.0,7.195833333333334,91.875,4.3500000000000005,91.33333333333333,5.0
2026-06-30 00:00:00,5.0,94,4.3,0.0,7.054166666666667,91.91666666666667,4.191666666666667,91.33333333333333,5.0
2026-06-30 01:00:00,4.4,95,4.7,0.0,6.916666666666667,91.91666666666667,4.154166666666667,91.33333333333333,4.400000000000001
2026-06-30 02:00:00,4.1,96,5.1,0.0,6.800000000000001,91.875,4.166666666666667,91.33333333333333,4.100000000000001
2026-06-30 03:00:00,3.4,97,5.5,0.0,6.675,91.79166666666667,4.066666666666666,91.33333333333333,3.3999999999999986
2026-06-30 04:00:00,3.1,100,5.8,0.0,6.554166666666667,91.83333333333333,4.004166666666666,91.33333333333333,3.099999999999999
2026-06-30 05:00:00,3.0,100,6.9,0.0,6.445833333333334,91.83333333333333,4.004166666666666,91.33333333333333,2.999999999999999
2026-06-30 06:00:00,3.0,100,5.8,0.0,6.341666666666668,91.83333333333333,4.045833333333333,91.33333333333333,2.999999999999999
2026-06-30 07:00:00,3.1,100,6.0,0.0,6.245833333333334,91.83333333333333,4.0625,91.33333333333333,3.099999999999999
2026-06-30 08:00:00,3.5,99,7.2,4.0,6.166666666666667,91.79166666666667,4.241666666666666,91.375,3.4999999999999982
2026-06-30 09:00:00,4.5,97,8.6,79.0,6.108333333333333,91.79166666666667,4.3999999999999995,92.75,4.500000000000001
2026-06-30 10:00:00,6.0,97,8.1,169.0,6.104166666666667,91.70833333333333,4.620833333333334,94.41666666666667,5.999999999999998
2026-06-30 11:00:00,8.7,83,9.6,296.0,6.191666666666666,91.125,4.970833333333333,99.875,8.699999999999998
2026-06-30 12:00:00,10.2,78,9.1,452.0,6.283333333333334,90.70833333333333,5.316666666666666,108.54166666666667,10.2
2026-06-30 13:00:00,11.5,73,8.9,542.0,6.383333333333333,90.375,5.625,117.45833333333333,11.500000000000002
2026-06-30 14:00:00,12.5,68,8.0,547.0,6.479166666666667,90.04166666666667,5.845833333333334,123.83333333333333,12.5
2026-06-30 15:00:00,13.3,64,9.0,466.0,6.579166666666667,89.54166666666667,5.9875,127.0,13.299999999999999
2026-06-30 16:00:00,13.1,65,11.0,323.0,6.683333333333333,89.04166666666667,6.183333333333334,127.75,13.1
2026-06-30 17:00:00,12.1,72,10.8,168.0,6.775000000000001,88.70833333333333,6.395833333333333,127.91666666666667,12.100000000000001
2026-06-30 18:00:00,10.2,82,5.0,19.0,6.870833333333334,88.41666666666667,6.408333333333334,127.70833333333333,10.2
2026-06-30 19:00:00,9.9,84,3.8,0.0,6.979166666666667,88.16666666666667,6.445833333333333,127.70833333333333,9.899999999999999
2026-06-30 20:00:00,9.3,86,7.2,0.0,7.083333333333333,88.0,6.670833333333334,127.70833333333333,9.300000000000002
2026-06-30 21:00:00,10.1,84,12.9,0.0,7.2625,87.625,7.079166666666666,127.70833333333333,10.100000000000001
2026-06-30 22:00:00,9.7,90,11.1,0.0,7.445833333333333,87.45833333333333,7.391666666666667,127.70833333333333,9.700000000000001
2026-06-30 23:00:00,8.6,94,10.4,0.0,7.595833333333332,87.41666666666667,7.699999999999999,127.70833333333333,8.599999999999998
2026-07-01 00:00:00,8.1,95,9.4,0.0,7.724999999999999,87.45833333333333,7.9125000000000005,127.70833333333333,8.1
2026-07-01 01:00:00,7.7,96,8.8,0.0,7.862500000000001,87.5,8.083333333333334,127.70833333333333,7.699999999999999
2026-07-01 02:00:00,7.5,96,7.6,0.0,8.004166666666666,87.5,8.1875,127.70833333333333,7.5
2026-07-01 03:00:00,7.8,98,8.8,0.0,8.1875,87.54166666666667,8.325000000000001,127.70833333333333,7.799999999999999
2026-07-01 04:00:00,7.9,98,8.4,0.0,8.3875,87.45833333333333,8.433333333333332,127.70833333333333,7.8999999999999995
2026-07-01 05:00:00,7.9,98,8.6,0.0,8.591666666666667,87.375,8.504166666666668,127.70833333333333,7.8999999999999995
2026-07-01 06:00:00,7.7,98,7.7,0.0,8.7875,87.29166666666667,8.583333333333334,127.70833333333333,7.699999999999999
2026-07-01 07:00:00,7.4,98,8.4,0.0,8.966666666666667,87.20833333333333,8.683333333333334,127.70833333333333,7.3999999999999995
2026-07-01 08:00:00,7.8,98,10.0,5.0,9.145833333333334,87.16666666666667,8.8,127.75,7.799999999999999
2026-07-01 09:00:00,8.5,99,9.3,75.0,9.3125,87.25,8.829166666666666,127.58333333333333,8.499999999999998
2026-07-01 10:00:00,10.1,95,11.3,143.0,9.483333333333333,87.16666666666667,8.9625,126.5,10.100000000000001
2026-07-01 11:00:00,11.8,90,14.2,205.0,9.612499999999999,87.45833333333333,9.154166666666667,122.70833333333333,11.800000000000002
2026-07-01 12:00:00,13.3,84,13.5,249.0,9.741666666666667,87.70833333333333,9.3375,114.25,13.299999999999999
2026-07-01 13:00:00,14.3,79,13.0,219.0,9.858333333333334,87.95833333333333,9.508333333333333,100.79166666666667,14.300000000000002
2026-07-01 14:00:00,14.6,78,14.8,199.0,9.945833333333335,88.375,9.791666666666666,86.29166666666667,14.600000000000001
2026-07-01 15:00:00,14.6,78,15.1,177.0,10.0,88.95833333333333,10.045833333333333,74.25,14.600000000000001
2026-07-01 16:00:00,14.5,80,10.6,85.0,10.058333333333334,89.58333333333333,10.029166666666667,64.33333333333333,14.5
2026-07-01 17:00:00,13.6,87,5.0,20.0,10.120833333333334,90.20833333333333,9.7875,58.166666666666664,13.599999999999998
2026-07-01 18:00:00,12.7,94,9.5,3.0,10.225,90.70833333333333,9.975,57.5,12.7
2026-07-01 19:00:00,12.4,96,9.5,0.0,10.329166666666666,91.20833333333333,10.2125,57.5,12.399999999999999
2026-07-01 20:00:00,12.2,97,12.2,0.0,10.450000000000001,91.66666666666667,10.420833333333333,57.5,12.200000000000001
2026-07-01 21:00:00,11.8,97,13.7,0.0,10.520833333333334,92.20833333333333,10.454166666666667,57.5,11.800000000000002
2026-07-01 22:00:00,11.8,99,15.2,0.0,10.608333333333333,92.58333333333333,10.625,57.5,11.800000000000002
2026-07-01 23:00:00,11.3,99,20.3,0.0,10.720833333333333,92.79166666666667,11.037500000000001,57.5,11.300000000000002
2026-07-02 00:00:00,10.6,98,17.6,0.0,10.825000000000001,92.91666666666667,11.379166666666668,57.5,10.6
2026-07-02 01:00:00,10.2,96,17.1,0.0,10.929166666666667,92.91666666666667,11.725,57.5,10.2
2026-07-02 02:00:00,9.9,94,14.4,0.0,11.029166666666667,92.83333333333333,12.008333333333333,57.5,9.899999999999999
2026-07-02 03:00:00,9.7,94,14.4,0.0,11.108333333333333,92.66666666666667,12.241666666666667,57.5,9.700000000000001
2026-07-02 04:00:00,9.3,93,13.6,0.0,11.166666666666666,92.45833333333333,12.458333333333334,57.5,9.300000000000002
2026-07-02 05:00:00,9.0,93,15.3,0.0,11.2125,92.25,12.737500000000002,57.5,9.000000000000002
2026-07-02 06:00:00,8.6,96,16.2,0.0,11.25,92.16666666666667,13.091666666666667,57.5,8.599999999999998
2026-07-02 07:00:00,8.3,97,16.3,0.0,11.2875,92.125,13.420833333333334,57.5,8.299999999999999
2026-07-02 08:00:00,8.1,98,17.0,1.0,11.299999999999999,92.125,13.7125,57.333333333333336,8.1
2026-07-02 09:00:00,8.2,98,17.0,18.0,11.2875,92.08333333333333,14.033333333333333,54.958333333333336,8.199999999999998
2026-07-02 10:00:00,8.1,98,19.3,58.0,11.204166666666667,92.20833333333333,14.366666666666665,51.416666666666664,8.1
2026-07-02 11:00:00,8.0,97,17.1,97.0,11.045833333333334,92.5,14.487499999999999,46.916666666666664,8.0
2026-07-02 12:00:00,7.7,92,19.3,133.0,10.8125,92.83333333333333,14.729166666666666,42.083333333333336,7.699999999999999
2026-07-02 13:00:00,7.5,88,19.5,141.0,10.529166666666667,93.20833333333333,15.0,38.833333333333336,7.5
2026-07-02 14:00:00,8.1,81,17.5,210.0,10.258333333333333,93.33333333333333,15.112499999999999,39.291666666666664,8.1
2026-07-02 15:00:00,8.2,75,17.3,252.0,9.991666666666667,93.20833333333333,15.204166666666667,42.416666666666664,8.199999999999998
2026-07-02 16:00:00,8.2,70,17.8,167.0,9.729166666666666,92.79166666666667,15.504166666666665,45.833333333333336,8.199999999999998
2026-07-02 17:00:00,8.5,66,17.0,59.0,9.516666666666667,91.91666666666667,16.004166666666666,47.458333333333336,8.499999999999998
2026-07-02 18:00:00,7.9,67,14.8,16.0,9.316666666666666,90.79166666666667,16.224999999999998,48.0,7.8999999999999995
2026-07-02 19:00:00,6.7,72,12.8,0.0,9.079166666666666,89.79166666666667,16.3625,48.0,6.700000000000001
2026-07-02 20:00:00,7.1,70,17.5,0.0,8.866666666666665,88.66666666666667,16.583333333333332,48.0,7.1000000000000005
2026-07-02 21:00:00,6.3,70,20.7,0.0,8.637500000000001,87.54166666666667,16.875,48.0,6.300000000000002
2026-07-02 22:00:00,5.2,67,20.8,0.0,8.362499999999999,86.20833333333333,17.108333333333334,48.0,5.199999999999999
2026-07-02 23:00:00,4.0,68,18.7,0.0,8.058333333333332,84.91666666666667,17.041666666666668,48.0,4.000000000000002
2026-07-03 00:00:00,2.4,75,15.3,0.0,7.716666666666666,83.95833333333333,16.945833333333333,48.0,2.4000000000000004
2026-07-03 01:00:00,1.5,78,15.5,0.0,7.354166666666667,83.20833333333333,16.879166666666666,48.0,1.5000000000000016
2026-07-03 02:00:00,0.9,80,14.4,0.0,6.979166666666667,82.625,16.879166666666666,48.0,0.8999999999999986
2026-07-03 03:00:00,-0.4,86,12.0,0.0,6.558333333333334,82.29166666666667,16.779166666666665,48.0,-0.39999999999999936
2026-07-03 04:00:00,-0.5,86,12.9,0.0,6.1499999999999995,82.0,16.75,48.0,-0.4999999999999992
2026-07-03 05:00:00,-0.7,88,11.0,0.0,5.745833333333334,81.79166666666667,16.570833333333333,48.0,-0.7000000000000008
2026-07-03 06:00:00,-0.8,89,9.9,0.0,5.354166666666667,81.5,16.308333333333334,48.0,-0.8000000000000007
2026-07-03 07:00:00,-0.8,90,10.9,0.0,4.975,81.20833333333333,16.083333333333332,48.0,-0.8000000000000007
2026-07-03 08:00:00,-0.5,91,11.0,5.0,4.616666666666666,80.91666666666667,15.833333333333334,48.166666666666664,-0.4999999999999992
2026-07-03 09:00:00,1.5,85,13.1,112.0,4.3374999999999995,80.375,15.670833333333333,52.083333333333336,1.5000000000000016
2026-07-03 10:00:00,3.1,82,11.8,280.0,4.129166666666667,79.70833333333333,15.358333333333334,61.333333333333336,3.099999999999999
2026-07-03 11:00:00,4.9,77,12.8,429.0,4.0,78.875,15.179166666666667,75.16666666666667,4.9
2026-07-03 12:00:00,6.6,71,16.8,524.0,3.954166666666667,78.0,15.075000000000001,91.45833333333333,6.599999999999998
2026-07-03 13:00:00,7.9,67,20.9,539.0,3.970833333333333,77.125,15.133333333333333,108.04166666666667,7.8999999999999995
2026-07-03 14:00:00,8.3,67,21.0,478.0,3.9791666666666665,76.54166666666667,15.279166666666667,119.20833333333333,8.299999999999999
2026-07-03 15:00:00,8.5,67,19.4,295.0,3.991666666666667,76.20833333333333,15.366666666666665,121.0,8.499999999999998
2026-07-03 16:00:00,8.7,65,16.2,162.0,4.0125,76.0,15.300000000000002,120.79166666666667,8.699999999999998
2026-07-03 17:00:00,8.7,67,11.5,96.0,4.020833333333333,76.04166666666667,15.070833333333335,122.33333333333333,8.699999999999998
2026-07-03 18:00:00,7.7,73,8.7,16.0,4.0125,76.29166666666667,14.816666666666668,122.33333333333333,7.699999999999999
2026-07-03 19:00:00,7.8,73,10.1,0.0,4.058333333333334,76.33333333333333,14.704166666666666,122.33333333333333,7.799999999999999
2026-07-03 20:00:00,7.5,76,10.4,0.0,4.075,76.58333333333333,14.408333333333333,122.33333333333333,7.5
2026-07-03 21:00:00,6.8,80,8.3,0.0,4.095833333333333,77.0,13.891666666666667,122.33333333333333,6.799999999999997
2026-07-03 22:00:00,5.5,88,6.3,0.0,4.108333333333333,77.875,13.2875,122.33333333333333,5.499999999999999
2026-07-03 23:00:00,6.2,85,7.0,0.0,4.2,78.58333333333333,12.799999999999999,122.33333333333333,6.199999999999998
2026-07-04 00:00:00,6.3,85,7.5,0.0,4.3625,79.0,12.475,122.33333333333333,6.300000000000002
2026-07-04 01:00:00,5.8,87,8.8,0.0,4.541666666666667,79.375,12.195833333333333,122.33333333333333,5.799999999999999
2026-07-04 02:00:00,4.1,94,4.7,0.0,4.675,79.95833333333333,11.79166666666667,122.33333333333333,4.100000000000001
2026-07-04 03:00:00,4.6,95,5.6,0.0,4.883333333333334,80.33333333333333,11.525,122.33333333333333,4.6000000000000005
2026-07-04 04:00:00,5.0,94,6.0,0.0,5.1125,80.66666666666667,11.237499999999999,122.33333333333333,5.0
2026-07-04 05:00:00,5.3,94,6.8,0.0,5.3625,80.91666666666667,11.0625,122.33333333333333,5.3
2026-07-04 06:00:00,5.4,96,7.3,0.0,5.620833333333334,81.20833333333333,10.954166666666666,122.33333333333333,5.3999999999999995
2026-07-04 07:00:00,5.5,98,8.6,0.0,5.883333333333333,81.54166666666667,10.858333333333334,122.33333333333333,5.499999999999999
2026-07-04 08:00:00,5.6,99,7.6,2.0,6.137499999999999,81.875,10.716666666666667,122.20833333333333,5.599999999999999
2026-07-04 09:00:00,5.6,97,5.5,34.0,6.308333333333333,82.375,10.4,118.95833333333333,5.599999999999999
2026-07-04 10:00:00,6.6,94,10.6,91.0,6.454166666666667,82.875,10.35,111.08333333333333,6.599999999999998
2026-07-04 11:00:00,7.3,89,12.1,152.0,6.554166666666666,83.375,10.320833333333333,99.54166666666667,7.300000000000001
2026-07-04 12:00:00,7.9,86,11.3,190.0,6.608333333333333,84.0,10.091666666666667,85.625,7.8999999999999995
2026-07-04 13:00:00,8.9,81,12.1,248.0,6.6499999999999995,84.58333333333333,9.725,73.5,8.900000000000002
2026-07-04 14:00:00,9.9,77,12.1,241.0,6.716666666666668,85.0,9.354166666666666,63.625,9.899999999999999
2026-07-04 15:00:00,10.8,77,11.6,196.0,6.8125,85.41666666666667,9.029166666666667,59.5,10.799999999999999
2026-07-04 16:00:00,10.8,78,9.5,144.0,6.8999999999999995,85.95833333333333,8.75,58.75,10.799999999999999
2026-07-04 17:00:00,10.4,82,8.0,62.0,6.970833333333334,86.58333333333333,8.604166666666666,57.333333333333336,10.399999999999999
2026-07-04 18:00:00,9.8,86,11.0,8.0,7.058333333333334,87.125,8.7,57.0,9.8
2026-07-04 19:00:00,9.7,86,9.0,0.0,7.1375,87.66666666666667,8.654166666666667,57.0,9.700000000000001
2026-07-04 20:00:00,9.6,87,8.5,0.0,7.2250000000000005,88.125,8.575,57.0,9.600000000000001
2026-07-04 21:00:00,9.5,86,9.2,0.0,7.3374999999999995,88.375,8.6125,57.0,9.5
2026-07-04 22:00:00,8.6,90,8.7,0.0,7.466666666666666,88.45833333333333,8.7125,57.0,8.599999999999998
2026-07-04 23:00:00,8.7,89,8.0,0.0,7.570833333333333,88.625,8.754166666666666,57.0,8.699999999999998
2026-07-05 00:00:00,9.0,87,9.9,0.0,7.683333333333333,88.70833333333333,8.854166666666666,57.0,9.000000000000002
2026-07-05 01:00:00,8.9,88,9.6,0.0,7.8125,88.75,8.8875,57.0,8.900000000000002
2026-07-05 02:00:00,9.0,89,11.4,0.0,8.016666666666667,88.54166666666667,9.166666666666666,57.0,9.000000000000002
2026-07-05 03:00:00,9.1,92,10.8,0.0,8.204166666666666,88.41666666666667,9.383333333333335,57.0,9.099999999999998
2026-07-05 04:00:00,9.2,91,10.5,0.0,8.379166666666666,88.29166666666667,9.570833333333335,57.0,9.200000000000001
2026-07-05 05:00:00,8.9,93,9.2,0.0,8.529166666666667,88.25,9.670833333333333,57.0,8.900000000000002
2026-07-05 06:00:00,8.7,94,10.2,0.0,8.666666666666666,88.16666666666667,9.791666666666666,57.0,8.699999999999998
2026-07-05 07:00:00,8.9,93,11.7,0.0,8.808333333333334,87.95833333333333,9.920833333333333,57.0,8.900000000000002
2026-07-05 08:00:00,9.0,94,10.5,2.0,8.950000000000001,87.75,10.041666666666666,57.0,9.000000000000002
2026-07-05 09:00:00,8.9,94,10.3,21.0,9.0875,87.625,10.241666666666665,56.458333333333336,8.900000000000002
2026-07-05 10:00:00,9.3,89,16.4,42.0,9.2,87.41666666666667,10.483333333333333,54.416666666666664,9.300000000000002
2026-07-05 11:00:00,9.8,85,15.9,119.0,9.304166666666667,87.25,10.641666666666667,53.041666666666664,9.8
2026-07-05 12:00:00,11.1,79,17.2,262.0,9.4375,86.95833333333333,10.887500000000001,56.041666666666664,11.099999999999998
2026-07-05 13:00:00,11.9,76,16.4,252.0,9.5625,86.75,11.066666666666668,56.208333333333336,11.9
2026-07-05 14:00:00,11.5,79,9.1,86.0,9.629166666666666,86.83333333333333,10.941666666666668,49.75,11.500000000000002
2026-07-05 15:00:00,11.1,87,5.5,61.0,9.641666666666667,87.25,10.6875,44.125,11.099999999999998
2026-07-05 16:00:00,11.0,90,6.3,55.0,9.65,87.75,10.554166666666667,40.416666666666664,10.999999999999998
2026-07-05 17:00:00,10.8,91,8.9,36.0,9.666666666666666,88.125,10.591666666666667,39.333333333333336,10.799999999999999
2026-07-05 18:00:00,10.3,94,8.5,5.0,9.6875,88.45833333333333,10.4875,39.208333333333336,10.299999999999999
2026-07-05 19:00:00,10.3,96,7.4,0.0,9.7125,88.875,10.420833333333333,39.208333333333336,10.299999999999999
2026-07-05 20:00:00,10.2,96,6.1,0.0,9.737499999999999,89.25,10.320833333333335,39.208333333333336,10.2
2026-07-05 21:00:00,10.9,95,7.7,0.0,9.795833333333333,89.625,10.258333333333333,39.208333333333336,10.900000000000002
2026-07-05 22:00:00,10.8,95,5.4,0.0,9.887500000000001,89.83333333333333,10.120833333333334,39.208333333333336,10.799999999999999
2026-07-05 23:00:00,10.7,96,5.0,0.0,9.970833333333333,90.125,9.995833333333334,39.208333333333336,10.699999999999998
2026-07-06 00:00:00,10.6,97,7.7,0.0,10.0375,90.54166666666667,9.904166666666667,39.208333333333336,10.6
2026-07-06 01:00:00,10.5,97,8.7,0.0,10.104166666666666,90.91666666666667,9.866666666666667,39.208333333333336,10.5
2026-07-06 02:00:00,10.1,98,11.4,0.0,10.15,91.29166666666667,9.866666666666665,39.208333333333336,10.100000000000001
2026-07-06 03:00:00,9.7,98,12.3,0.0,10.175,91.54166666666667,9.929166666666665,39.208333333333336,9.700000000000001
2026-07-06 04:00:00,9.4,98,15.1,0.0,10.183333333333334,91.83333333333333,10.120833333333332,39.208333333333336,9.4
2026-07-06 05:00:00,8.7,99,15.6,0.0,10.174999999999999,92.08333333333333,10.3875,39.208333333333336,8.699999999999998
2026-07-06 06:00:00,8.5,99,20.2,0.0,10.166666666666666,92.29166666666667,10.804166666666667,39.208333333333336,8.499999999999998
2026-07-06 07:00:00,7.9,98,19.3,0.0,10.125,92.5,11.120833333333332,39.208333333333336,7.8999999999999995
2026-07-06 08:00:00,7.8,97,15.1,2.0,10.075,92.625,11.3125,39.208333333333336,7.799999999999999
2026-07-06 09:00:00,8.0,95,18.4,49.0,10.0375,92.66666666666667,11.649999999999999,40.375,8.0
2026-07-06 10:00:00,8.0,91,18.3,121.0,9.983333333333333,92.75,11.729166666666666,43.666666666666664,8.0
2026-07-06 11:00:00,8.5,79,18.8,278.0,9.929166666666665,92.5,11.850000000000001,50.291666666666664,8.499999999999998
2026-07-06 12:00:00,8.1,76,17.5,188.0,9.804166666666667,92.375,11.862499999999999,47.208333333333336,8.1
2026-07-06 13:00:00,8.9,68,18.9,277.0,9.679166666666665,92.04166666666667,11.966666666666667,48.25,8.900000000000002
2026-07-06 14:00:00,9.5,63,20.2,283.0,9.595833333333333,91.375,12.429166666666665,56.458333333333336,9.5
2026-07-06 15:00:00,9.6,65,19.4,267.0,9.533333333333333,90.45833333333333,13.008333333333333,65.04166666666667,9.600000000000001
2026-07-06 16:00:00,9.1,67,18.1,253.0,9.454166666666667,89.5,13.5,73.29166666666667,9.099999999999998
2026-07-06 17:00:00,8.6,68,16.0,98.0,9.362499999999999,88.54166666666667,13.795833333333333,75.875,8.599999999999998
2026-07-06 18:00:00,8.0,71,11.5,20.0,9.266666666666667,87.58333333333333,13.920833333333333,76.5,8.0
2026-07-06 19:00:00,6.7,77,11.1,0.0,9.116666666666665,86.79166666666667,14.075000000000001,76.5,6.700000000000001
2026-07-06 20:00:00,5.9,81,12.4,0.0,8.9375,86.16666666666667,14.337499999999999,76.5,5.900000000000002
2026-07-06 21:00:00,4.8,83,12.4,0.0,8.683333333333334,85.66666666666667,14.533333333333333,76.5,4.800000000000001
2026-07-06 22:00:00,4.3,84,11.3,0.0,8.4125,85.20833333333333,14.779166666666669,76.5,4.300000000000001
2026-07-06 23:00:00,4.0,85,10.8,0.0,8.133333333333333,84.75,15.020833333333334,76.5,4.000000000000002
2026-07-07 00:00:00,3.9,85,12.5,0.0,7.854166666666667,84.25,15.220833333333331,76.5,3.9000000000000017
2026-07-07 01:00:00,4.1,85,14.5,0.0,7.5874999999999995,83.75,15.462499999999999,76.5,4.100000000000001
2026-07-07 02:00:00,4.4,84,18.0,0.0,7.3500000000000005,83.16666666666667,15.737499999999999,76.5,4.400000000000001
2026-07-07 03:00:00,4.3,83,21.0,0.0,7.125,82.54166666666667,16.099999999999998,76.5,4.300000000000001
2026-07-07 04:00:00,4.5,81,21.3,0.0,6.920833333333333,81.83333333333333,16.35833333333333,76.5,4.500000000000001
2026-07-07 05:00:00,4.4,81,20.3,0.0,6.741666666666667,81.08333333333333,16.554166666666667,76.5,4.400000000000001
2026-07-07 06:00:00,4.1,83,19.5,0.0,6.558333333333334,80.41666666666667,16.525000000000002,76.5,4.100000000000001
2026-07-07 07:00:00,3.8,84,18.9,0.0,6.387499999999999,79.83333333333333,16.508333333333333,76.5,3.799999999999998
2026-07-07 08:00:00,3.8,84,18.9,6.0,6.220833333333334,79.29166666666667,16.666666666666668,76.66666666666667,3.799999999999998
2026-07-07 09:00:00,5.4,80,15.2,121.0,6.112500000000001,78.66666666666667,16.533333333333335,79.66666666666667,5.3999999999999995
2026-07-07 10:00:00,7.5,73,17.0,295.0,6.091666666666668,77.91666666666667,16.479166666666668,86.91666666666667,7.5
2026-07-07 11:00:00,9.2,67,18.8,444.0,6.120833333333334,77.41666666666667,16.479166666666668,93.83333333333333,9.200000000000001
2026-07-07 12:00:00,10.6,64,19.5,545.0,6.224999999999999,76.91666666666667,16.5625,108.70833333333333,10.6
2026-07-07 13:00:00,11.7,61,19.9,587.0,6.341666666666668,76.625,16.604166666666668,121.625,11.700000000000001
2026-07-07 14:00:00,12.4,60,20.2,566.0,6.462500000000001,76.5,16.604166666666668,133.41666666666666,12.399999999999999
2026-07-07 15:00:00,13.7,57,18.3,486.0,6.633333333333333,76.16666666666667,16.558333333333334,142.54166666666666,13.699999999999998
2026-07-07 16:00:00,13.5,58,16.7,353.0,6.816666666666666,75.79166666666667,16.5,146.70833333333334,13.499999999999998
2026-07-07 17:00:00,12.5,65,13.8,184.0,6.979166666666667,75.66666666666667,16.408333333333335,150.29166666666666,12.5
2026-07-07 18:00:00,10.7,73,13.1,31.0,7.091666666666666,75.75,16.475,150.75,10.699999999999998
2026-07-07 19:00:00,10.2,74,16.8,0.0,7.237500000000001,75.625,16.712500000000002,150.75,10.2
2026-07-07 20:00:00,9.9,73,16.6,0.0,7.404166666666666,75.29166666666667,16.8875,150.75,9.899999999999999
2026-07-07 21:00:00,9.0,76,15.9,0.0,7.579166666666666,75.0,17.033333333333335,150.75,9.000000000000002
2026-07-07 22:00:00,8.7,77,16.5,0.0,7.7625,74.70833333333333,17.25,150.75,8.699999999999998
2026-07-07 23:00:00,8.4,78,15.7,0.0,7.945833333333334,74.41666666666667,17.45416666666667,150.75,8.400000000000002
2026-07-08 00:00:00,8.4,75,16.0,0.0,8.133333333333333,74.0,17.6,150.75,8.400000000000002
2026-07-08 01:00:00,8.1,74,14.8,0.0,8.3,73.54166666666667,17.6125,150.75,8.1
2026-07-08 02:00:00,7.9,73,15.4,0.0,8.445833333333333,73.08333333333333,17.504166666666666,150.75,7.8999999999999995
2026-07-08 03:00:00,7.4,73,16.3,0.0,8.575,72.66666666666667,17.308333333333334,150.75,7.3999999999999995
2026-07-08 04:00:00,7.4,72,15.8,0.0,8.695833333333333,72.29166666666667,17.07916666666667,150.75,7.3999999999999995
2026-07-08 05:00:00,7.0,74,15.4,0.0,8.804166666666665,72.0,16.875,150.75,7.000000000000001
2026-07-08 06:00:00,6.9,75,16.3,0.0,8.920833333333333,71.66666666666667,16.741666666666667,150.75,6.900000000000001
2026-07-08 07:00:00,6.9,76,17.4,0.0,9.05,71.33333333333333,16.679166666666667,150.75,6.900000000000001
2026-07-08 08:00:00,7.0,74,16.7,6.0,9.183333333333334,70.91666666666667,16.5875,150.75,7.000000000000001
2026-07-08 09:00:00,8.7,70,14.6,118.0,9.320833333333333,70.5,16.5625,150.625,8.699999999999998
2026-07-08 10:00:00,11.3,68,12.5,288.0,9.479166666666666,70.29166666666667,16.375,150.33333333333334,11.300000000000002
2026-07-08 11:00:00,13.5,60,14.7,434.0,9.658333333333333,70.0,16.204166666666666,149.91666666666666,13.499999999999998
2026-07-08 12:00:00,14.9,54,13.9,531.0,9.8375,69.58333333333333,15.970833333333331,149.33333333333334,14.899999999999999
2026-07-08 13:00:00,15.9,48,12.7,573.0,10.0125,69.04166666666667,15.670833333333334,148.75,15.899999999999999
2026-07-08 14:00:00,16.4,47,11.5,553.0,10.179166666666665,68.5,15.308333333333335,148.20833333333334,16.399999999999995
2026-07-08 15:00:00,17.1,45,11.2,476.0,10.320833333333333,68.0,15.012500000000001,147.79166666666666,17.1
2026-07-08 16:00:00,16.8,49,7.4,348.0,10.458333333333334,67.625,14.625,147.58333333333334,16.8
2026-07-08 17:00:00,15.2,68,2.9,184.0,10.570833333333333,67.75,14.170833333333334,147.58333333333334,15.200000000000001
2026-07-08 18:00:00,12.3,72,6.4,31.0,10.637500000000001,67.70833333333333,13.891666666666666,147.58333333333334,12.3
2026-07-08 19:00:00,11.5,69,14.4,0.0,10.691666666666665,67.5,13.791666666666666,147.58333333333334,11.500000000000002
2026-07-08 20:00:00,11.2,69,13.3,0.0,10.745833333333335,67.33333333333333,13.654166666666667,147.58333333333334,11.199999999999998
2026-07-08 21:00:00,10.3,75,17.3,0.0,10.799999999999999,67.29166666666667,13.712499999999999,147.58333333333334,10.299999999999999
2026-07-08 22:00:00,10.3,73,18.7,0.0,10.866666666666667,67.125,13.804166666666667,147.58333333333334,10.299999999999999
2026-07-08 23:00:00,10.1,67,19.3,0.0,10.9375,66.66666666666667,13.954166666666666,147.58333333333334,10.100000000000001
2026-07-09 00:00:00,10.2,59,20.8,0.0,11.012500000000001,66.0,14.154166666666667,147.58333333333334,10.2
2026-07-09 01:00:00,10.4,55,22.7,0.0,11.108333333333333,65.20833333333333,14.483333333333333,147.58333333333334,10.399999999999999
2026-07-09 02:00:00,10.5,55,23.7,0.0,11.216666666666667,64.45833333333333,14.829166666666666,147.58333333333334,10.5
2026-07-09 03:00:00,10.2,57,23.0,0.0,11.333333333333334,63.791666666666664,15.108333333333333,147.58333333333334,10.2
2026-07-09 04:00:00,10.1,56,24.3,0.0,11.445833333333333,63.125,15.462499999999999,147.58333333333334,10.100000000000001
2026-07-09 05:00:00,9.8,57,24.3,0.0,11.5625,62.416666666666664,15.833333333333334,147.58333333333334,9.8
2026-07-09 06:00:00,9.8,57,22.7,0.0,11.683333333333335,61.666666666666664,16.099999999999998,147.58333333333334,9.8
2026-07-09 07:00:00,9.5,59,20.4,0.0,11.791666666666666,60.958333333333336,16.224999999999998,147.58333333333334,9.5
2026-07-09 08:00:00,9.4,61,18.9,6.0,11.891666666666666,60.416666666666664,16.316666666666666,147.58333333333334,9.4
2026-07-09 09:00:00,11.7,58,19.4,112.0,12.016666666666666,59.916666666666664,16.516666666666666,147.33333333333334,11.700000000000001
2026-07-09 10:00:00,14.2,61,17.2,285.0,12.137500000000001,59.625,16.7125,147.20833333333334,14.200000000000001
2026-07-09 11:00:00,17.0,59,10.5,428.0,12.283333333333333,59.583333333333336,16.537499999999998,146.95833333333334,17.0
2026-07-09 12:00:00,18.8,52,10.9,478.0,12.445833333333333,59.5,16.4125,144.75,18.8
2026-07-09 13:00:00,19.6,50,12.3,553.0,12.6,59.583333333333336,16.395833333333332,143.91666666666666,19.6
2026-07-09 14:00:00,19.6,53,12.3,485.0,12.733333333333334,59.833333333333336,16.429166666666664,141.08333333333334,19.6
2026-07-09 15:00:00,19.2,56,11.6,367.0,12.820833333333333,60.291666666666664,16.445833333333333,136.54166666666666,19.200000000000003
2026-07-09 16:00:00,18.8,61,10.5,298.0,12.904166666666669,60.791666666666664,16.575,134.45833333333334,18.8
2026-07-09 17:00:00,17.5,70,6.3,161.0,13.0,60.875,16.716666666666665,133.5,17.5
2026-07-09 18:00:00,15.2,77,6.2,24.0,13.120833333333335,61.083333333333336,16.708333333333332,133.20833333333334,15.200000000000001
2026-07-09 19:00:00,13.7,82,5.4,0.0,13.2125,61.625,16.333333333333332,133.20833333333334,13.699999999999998
2026-07-09 20:00:00,14.9,75,7.0,0.0,13.366666666666665,61.875,16.070833333333333,133.20833333333334,14.899999999999999
2026-07-09 21:00:00,14.0,79,8.2,0.0,13.520833333333334,62.041666666666664,15.691666666666668,133.20833333333334,14.000000000000002
2026-07-09 22:00:00,14.0,78,8.3,0.0,13.674999999999999,62.25,15.258333333333333,133.20833333333334,14.000000000000002
2026-07-09 23:00:00,13.8,79,8.4,0.0,13.829166666666666,62.75,14.804166666666667,133.20833333333334,13.800000000000002
2026-07-10 00:00:00,14.0,79,6.2,0.0,13.987499999999999,63.583333333333336,14.195833333333333,133.20833333333334,14.000000000000002
2026-07-10 01:00:00,13.5,83,3.5,0.0,14.116666666666667,64.75,13.395833333333334,133.20833333333334,13.499999999999998
2026-07-10 02:00:00,13.0,85,4.8,0.0,14.220833333333333,66.0,12.608333333333334,133.20833333333334,13.0
2026-07-10 03:00:00,12.9,86,3.3,0.0,14.333333333333334,67.20833333333333,11.787500000000001,133.20833333333334,12.899999999999999
2026-07-10 04:00:00,11.8,88,1.9,0.0,14.404166666666669,68.54166666666667,10.854166666666666,133.20833333333334,11.800000000000002
2026-07-10 05:00:00,11.2,90,0.8,0.0,14.4625,69.91666666666667,9.875,133.20833333333334,11.199999999999998
2026-07-10 06:00:00,10.9,93,3.1,0.0,14.508333333333333,71.41666666666667,9.058333333333334,133.20833333333334,10.900000000000002
2026-07-10 07:00:00,11.1,91,5.0,0.0,14.575000000000001,72.75,8.416666666666666,133.20833333333334,11.099999999999998
2026-07-10 08:00:00,11.1,91,5.1,4.0,14.645833333333334,74.0,7.841666666666666,133.125,11.099999999999998
2026-07-10 09:00:00,12.8,87,7.7,88.0,14.691666666666668,75.20833333333333,7.354166666666668,132.125,12.799999999999999
2026-07-10 10:00:00,15.0,78,6.8,241.0,14.725,75.91666666666667,6.920833333333333,130.29166666666666,15.0
2026-07-10 11:00:00,16.0,70,8.8,354.0,14.683333333333332,76.375,6.8500000000000005,127.20833333333333,16.0
2026-07-10 12:00:00,17.5,65,9.1,505.0,14.629166666666668,76.91666666666667,6.7749999999999995,128.33333333333334,17.5
2026-07-10 13:00:00,18.4,63,10.6,562.0,14.579166666666666,77.45833333333333,6.704166666666667,128.70833333333334,18.400000000000002
2026-07-10 14:00:00,18.7,63,10.7,544.0,14.541666666666666,77.875,6.6375,131.16666666666666,18.7
2026-07-10 15:00:00,19.2,62,11.3,439.0,14.541666666666666,78.125,6.625,134.16666666666666,19.200000000000003
2026-07-10 16:00:00,18.8,64,11.5,281.0,14.541666666666666,78.25,6.666666666666667,133.45833333333334,18.8
2026-07-10 17:00:00,17.5,73,10.0,130.0,14.541666666666666,78.375,6.820833333333333,132.16666666666666,17.5
2026-07-10 18:00:00,15.5,82,10.5,24.0,14.554166666666667,78.58333333333333,7.0,132.16666666666666,15.5
2026-07-10 19:00:00,14.5,83,11.3,0.0,14.5875,78.625,7.245833333333334,132.16666666666666,14.5
2026-07-10 20:00:00,14.3,80,13.9,0.0,14.5625,78.83333333333333,7.533333333333334,132.16666666666666,14.300000000000002
2026-07-10 21:00:00,13.8,75,15.6,0.0,14.554166666666667,78.66666666666667,7.841666666666668,132.16666666666666,13.800000000000002
2026-07-10 22:00:00,13.2,79,20.1,0.0,14.520833333333334,78.70833333333333,8.333333333333334,132.16666666666666,13.199999999999998
2026-07-10 23:00:00,12.7,86,18.8,0.0,14.475000000000001,79.0,8.766666666666667,132.16666666666666,12.7
2026-07-11 00:00:00,13.3,86,18.9,0.0,14.445833333333335,79.29166666666667,9.295833333333333,132.16666666666666,13.299999999999999
2026-07-11 01:00:00,13.2,88,14.6,0.0,14.433333333333335,79.5,9.758333333333335,132.16666666666666,13.199999999999998
2026-07-11 02:00:00,12.8,92,13.5,0.0,14.425000000000002,79.79166666666667,10.120833333333334,132.16666666666666,12.799999999999999
2026-07-11 03:00:00,12.7,97,14.6,0.0,14.416666666666666,80.25,10.591666666666667,132.16666666666666,12.7
2026-07-11 04:00:00,12.7,97,11.4,0.0,14.454166666666667,80.625,10.987499999999999,132.16666666666666,12.7
2026-07-11 05:00:00,12.8,97,12.5,0.0,14.520833333333334,80.91666666666667,11.475,132.16666666666666,12.799999999999999
2026-07-11 06:00:00,12.8,98,12.1,0.0,14.6,81.125,11.850000000000001,132.16666666666666,12.799999999999999
2026-07-11 07:00:00,12.7,97,10.3,0.0,14.666666666666666,81.375,12.070833333333335,132.16666666666666,12.7
2026-07-11 08:00:00,13.1,97,11.9,2.0,14.75,81.625,12.354166666666666,132.08333333333334,13.1
2026-07-11 09:00:00,13.1,97,9.3,28.0,14.762500000000001,82.04166666666667,12.420833333333334,129.58333333333334,13.1
2026-07-11 10:00:00,13.8,95,8.1,69.0,14.7125,82.75,12.475,122.41666666666667,13.800000000000002
2026-07-11 11:00:00,14.1,92,9.5,90.0,14.633333333333333,83.66666666666667,12.504166666666668,111.41666666666667,14.099999999999998
2026-07-11 12:00:00,14.5,91,10.1,107.0,14.508333333333333,84.75,12.545833333333334,94.83333333333333,14.5
2026-07-11 13:00:00,14.5,91,10.2,99.0,14.345833333333331,85.91666666666667,12.529166666666667,75.54166666666667,14.5
2026-07-11 14:00:00,14.6,90,10.1,124.0,14.174999999999999,87.04166666666667,12.504166666666668,58.041666666666664,14.600000000000001
2026-07-11 15:00:00,14.7,88,11.1,90.0,13.987499999999999,88.125,12.495833333333332,43.5,14.699999999999996
2026-07-11 16:00:00,14.5,88,9.0,76.0,13.808333333333332,89.125,12.391666666666666,34.958333333333336,14.5
2026-07-11 17:00:00,14.2,91,6.5,59.0,13.670833333333333,89.875,12.245833333333332,32.0,14.200000000000001
2026-07-11 18:00:00,13.8,93,6.7,10.0,13.6,90.33333333333333,12.0875,31.416666666666668,13.800000000000002
2026-07-11 19:00:00,13.6,93,6.5,0.0,13.5625,90.75,11.887500000000001,31.416666666666668,13.599999999999998
2026-07-11 20:00:00,13.5,93,4.0,0.0,13.529166666666669,91.29166666666667,11.475000000000001,31.416666666666668,13.499999999999998
2026-07-11 21:00:00,13.2,94,1.7,0.0,13.504166666666668,92.08333333333333,10.895833333333334,31.416666666666668,13.199999999999998
2026-07-11 22:00:00,11.8,98,6.9,0.0,13.445833333333333,92.875,10.345833333333333,31.416666666666668,11.800000000000002
2026-07-11 23:00:00,11.4,99,10.3,0.0,13.391666666666666,93.41666666666667,9.991666666666665,31.416666666666668,11.400000000000002
2026-07-12 00:00:00,11.0,99,7.6,0.0,13.295833333333334,93.95833333333333,9.520833333333334,31.416666666666668,10.999999999999998
2026-07-12 01:00:00,10.8,99,13.6,0.0,13.195833333333333,94.41666666666667,9.479166666666666,31.416666666666668,10.799999999999999
2026-07-12 02:00:00,10.8,97,15.9,0.0,13.112499999999999,94.625,9.579166666666666,31.416666666666668,10.799999999999999
2026-07-12 03:00:00,11.0,99,18.3,0.0,13.041666666666666,94.70833333333333,9.733333333333333,31.416666666666668,10.999999999999998
2026-07-12 04:00:00,10.4,99,19.4,0.0,12.945833333333333,94.79166666666667,10.066666666666666,31.416666666666668,10.399999999999999
2026-07-12 05:00:00,9.9,97,16.7,0.0,12.824999999999998,94.79166666666667,10.241666666666665,31.416666666666668,9.899999999999999
2026-07-12 06:00:00,8.7,98,17.7,0.0,12.654166666666669,94.79166666666667,10.475,31.416666666666668,8.699999999999998
2026-07-12 07:00:00,8.3,97,18.7,0.0,12.470833333333331,94.79166666666667,10.825000000000001,31.416666666666668,8.299999999999999
2026-07-12 08:00:00,8.3,96,15.8,2.0,12.270833333333334,94.75,10.987499999999999,31.416666666666668,8.299999999999999
2026-07-12 09:00:00,8.5,92,18.3,45.0,12.079166666666666,94.54166666666667,11.362499999999999,32.125,8.499999999999998
2026-07-12 10:00:00,9.0,88,21.3,87.0,11.879166666666665,94.25,11.912500000000001,32.875,9.000000000000002
2026-07-12 11:00:00,9.6,82,22.3,184.0,11.691666666666668,93.83333333333333,12.445833333333333,36.791666666666664,9.600000000000001
2026-07-12 12:00:00,9.6,80,22.5,156.0,11.487500000000002,93.375,12.9625,38.833333333333336,9.600000000000001
2026-07-12 13:00:00,10.0,79,21.0,176.0,11.300000000000002,92.875,13.412500000000001,42.041666666666664,10.0
2026-07-12 14:00:00,9.9,83,22.4,128.0,11.104166666666666,92.58333333333333,13.924999999999999,42.208333333333336,9.899999999999999
2026-07-12 15:00:00,10.7,82,21.0,159.0,10.9375,92.33333333333333,14.3375,45.083333333333336,10.699999999999998
2026-07-12 16:00:00,10.7,85,20.4,72.0,10.779166666666667,92.20833333333333,14.8125,44.916666666666664,10.699999999999998
2026-07-12 17:00:00,10.7,87,18.5,28.0,10.633333333333335,92.04166666666667,15.3125,43.625,10.699999999999998
2026-07-12 18:00:00,10.5,88,17.5,9.0,10.495833333333334,91.83333333333333,15.762499999999998,43.583333333333336,10.5
2026-07-12 19:00:00,10.3,90,17.5,0.0,10.358333333333334,91.70833333333333,16.22083333333333,43.583333333333336,10.299999999999999
2026-07-12 20:00:00,10.1,90,17.1,0.0,10.216666666666667,91.58333333333333,16.766666666666666,43.583333333333336,10.100000000000001
2026-07-12 21:00:00,9.8,91,17.5,0.0,10.075,91.45833333333333,17.425,43.583333333333336,9.8
2026-07-12 22:00:00,9.3,92,17.2,0.0,9.970833333333333,91.20833333333333,17.854166666666668,43.583333333333336,9.300000000000002
2026-07-12 23:00:00,8.7,94,15.0,0.0,9.858333333333333,91.0,18.05,43.583333333333336,8.699999999999998
2026-07-13 00:00:00,8.7,93,13.6,0.0,9.762500000000001,90.75,18.3,43.583333333333336,8.699999999999998
2026-07-13 01:00:00,8.8,92,13.5,0.0,9.679166666666665,90.45833333333333,18.295833333333334,43.583333333333336,8.800000000000002
2026-07-13 02:00:00,8.7,91,12.4,0.0,9.591666666666667,90.20833333333333,18.15,43.583333333333336,8.699999999999998
2026-07-13 03:00:00,8.5,92,12.5,0.0,9.4875,89.91666666666667,17.90833333333333,43.583333333333336,8.499999999999998
2026-07-13 04:00:00,8.5,92,11.3,0.0,9.408333333333333,89.625,17.570833333333333,43.583333333333336,8.499999999999998
2026-07-13 05:00:00,8.4,92,9.9,0.0,9.345833333333333,89.41666666666667,17.287499999999998,43.583333333333336,8.400000000000002
2026-07-13 06:00:00,8.3,93,9.0,0.0,9.329166666666667,89.20833333333333,16.925,43.583333333333336,8.299999999999999
2026-07-13 07:00:00,8.1,95,8.0,0.0,9.320833333333333,89.125,16.479166666666668,43.583333333333336,8.1
2026-07-13 08:00:00,8.3,94,8.3,1.0,9.320833333333333,89.04166666666667,16.166666666666668,43.541666666666664,8.299999999999999
2026-07-13 09:00:00,8.5,94,10.1,30.0,9.320833333333333,89.125,15.825000000000001,42.916666666666664,8.499999999999998
2026-07-13 10:00:00,9.0,93,9.1,80.0,9.320833333333333,89.33333333333333,15.316666666666665,42.625,9.000000000000002
2026-07-13 11:00:00,9.5,91,6.3,111.0,9.316666666666666,89.70833333333333,14.649999999999999,39.583333333333336,9.5
2026-07-13 12:00:00,10.2,88,5.4,163.0,9.341666666666667,90.04166666666667,13.9375,39.875,10.2
2026-07-13 13:00:00,10.9,85,6.1,189.0,9.379166666666666,90.29166666666667,13.316666666666665,40.416666666666664,10.900000000000002
2026-07-13 14:00:00,11.1,85,5.5,157.0,9.429166666666665,90.375,12.612499999999999,41.625,11.099999999999998
2026-07-13 15:00:00,11.2,83,3.7,148.0,9.450000000000001,90.41666666666667,11.891666666666666,41.166666666666664,11.199999999999998
2026-07-13 16:00:00,11.3,82,3.1,102.0,9.475,90.29166666666667,11.170833333333334,42.416666666666664,11.300000000000002
2026-07-13 17:00:00,11.2,81,4.3,64.0,9.495833333333334,90.04166666666667,10.579166666666667,43.916666666666664,11.199999999999998
2026-07-13 18:00:00,10.6,86,6.2,12.0,9.5,89.95833333333333,10.108333333333333,44.041666666666664,10.6
2026-07-13 19:00:00,10.0,90,6.0,0.0,9.487499999999999,89.95833333333333,9.629166666666666,44.041666666666664,10.0
2026-07-13 20:00:00,9.7,92,6.1,0.0,9.470833333333333,90.04166666666667,9.170833333333333,44.041666666666664,9.700000000000001
2026-07-13 21:00:00,10.3,92,8.3,0.0,9.491666666666667,90.08333333333333,8.7875,44.041666666666664,10.299999999999999
2026-07-13 22:00:00,10.0,90,11.8,0.0,9.520833333333334,90.0,8.5625,44.041666666666664,10.0
2026-07-13 23:00:00,9.3,93,12.7,0.0,9.545833333333334,89.95833333333333,8.466666666666667,44.041666666666664,9.300000000000002
2026-07-14 00:00:00,9.4,89,13.3,0.0,9.575,89.79166666666667,8.454166666666667,44.041666666666664,9.4
2026-07-14 01:00:00,8.7,88,14.8,0.0,9.570833333333335,89.625,8.508333333333333,44.041666666666664,8.699999999999998
2026-07-14 02:00:00,8.4,89,17.7,0.0,9.558333333333334,89.54166666666667,8.729166666666668,44.041666666666664,8.400000000000002
2026-07-14 03:00:00,8.7,89,21.8,0.0,9.566666666666666,89.41666666666667,9.116666666666665,44.041666666666664,8.699999999999998
2026-07-14 04:00:00,8.6,89,21.6,0.0,9.570833333333333,89.29166666666667,9.545833333333334,44.041666666666664,8.599999999999998
2026-07-14 05:00:00,8.3,90,21.0,0.0,9.566666666666666,89.20833333333333,10.008333333333333,44.041666666666664,8.299999999999999
2026-07-14 06:00:00,8.0,92,19.3,0.0,9.554166666666667,89.16666666666667,10.4375,44.041666666666664,8.0
2026-07-14 07:00:00,7.9,93,17.8,0.0,9.545833333333334,89.08333333333333,10.845833333333333,44.041666666666664,7.8999999999999995
2026-07-14 08:00:00,7.9,93,16.6,6.0,9.529166666666667,89.04166666666667,11.191666666666668,44.25,7.8999999999999995
2026-07-14 09:00:00,9.2,91,16.6,107.0,9.558333333333334,88.91666666666667,11.4625,47.458333333333336,9.200000000000001
2026-07-14 10:00:00,10.9,87,16.1,274.0,9.637500000000001,88.66666666666667,11.754166666666668,55.541666666666664,10.900000000000002
2026-07-14 11:00:00,12.8,79,17.5,437.0,9.775,88.16666666666667,12.220833333333333,69.125,12.799999999999999
2026-07-14 12:00:00,14.3,71,17.5,536.0,9.945833333333335,87.45833333333333,12.725000000000001,84.66666666666667,14.300000000000002
2026-07-14 13:00:00,15.5,66,16.4,594.0,10.137500000000001,86.66666666666667,13.154166666666667,101.54166666666667,15.5
2026-07-14 14:00:00,16.2,65,14.4,576.0,10.35,85.83333333333333,13.525,119.0,16.2
2026-07-14 15:00:00,17.3,62,14.5,498.0,10.604166666666666,84.95833333333333,13.975000000000001,133.58333333333334,17.299999999999997
2026-07-14 16:00:00,16.8,64,14.2,365.0,10.833333333333334,84.20833333333333,14.4375,144.54166666666666,16.8
2026-07-14 17:00:00,15.6,70,12.9,197.0,11.016666666666666,83.75,14.795833333333334,150.08333333333334,15.599999999999998
2026-07-14 18:00:00,13.3,79,14.2,38.0,11.129166666666668,83.45833333333333,15.129166666666665,151.16666666666666,13.299999999999999
2026-07-14 19:00:00,12.3,82,16.1,0.0,11.225,83.125,15.549999999999999,151.16666666666666,12.3
2026-07-14 20:00:00,11.7,82,17.4,0.0,11.308333333333335,82.70833333333333,16.020833333333332,151.16666666666666,11.700000000000001
2026-07-14 21:00:00,11.2,82,19.0,0.0,11.345833333333333,82.29166666666667,16.466666666666665,151.16666666666666,11.199999999999998
2026-07-14 22:00:00,11.2,82,21.6,0.0,11.395833333333334,81.95833333333333,16.875,151.16666666666666,11.199999999999998
2026-07-14 23:00:00,11.3,82,22.7,0.0,11.479166666666666,81.5,17.291666666666668,151.16666666666666,11.300000000000002
2026-07-15 00:00:00,11.4,83,22.7,0.0,11.5625,81.25,17.683333333333334,151.16666666666666,11.400000000000002
2026-07-15 01:00:00,11.2,83,22.1,0.0,11.666666666666666,81.04166666666667,17.9875,151.16666666666666,11.199999999999998
2026-07-15 02:00:00,10.9,84,21.8,0.0,11.770833333333334,80.83333333333333,18.158333333333335,151.16666666666666,10.900000000000002
2026-07-15 03:00:00,10.4,85,19.9,0.0,11.841666666666667,80.66666666666667,18.079166666666666,151.16666666666666,10.399999999999999
2026-07-15 04:00:00,10.2,85,20.0,0.0,11.908333333333331,80.5,18.0125,151.16666666666666,10.2
2026-07-15 05:00:00,10.1,85,21.5,0.0,11.983333333333334,80.29166666666667,18.033333333333335,151.16666666666666,10.100000000000001
2026-07-15 06:00:00,10.1,84,22.7,0.0,12.070833333333335,79.95833333333333,18.175,151.16666666666666,10.100000000000001
2026-07-15 07:00:00,10.0,84,22.8,0.0,12.158333333333333,79.58333333333333,18.383333333333333,151.16666666666666,10.0
2026-07-15 08:00:00,10.0,83,23.3,7.0,12.245833333333335,79.16666666666667,18.6625,151.20833333333334,10.0
2026-07-15 09:00:00,12.0,77,22.3,128.0,12.362500000000002,78.58333333333333,18.900000000000002,152.08333333333334,12.0
2026-07-15 10:00:00,13.9,75,19.5,301.0,12.487499999999999,78.08333333333333,19.041666666666668,153.20833333333334,13.900000000000002
2026-07-15 11:00:00,15.8,68,21.4,455.0,12.612499999999999,77.625,19.204166666666666,153.95833333333334,15.800000000000002
2026-07-15 12:00:00,17.4,64,21.3,557.0,12.741666666666667,77.33333333333333,19.3625,154.83333333333334,17.4
2026-07-15 13:00:00,18.7,62,20.6,592.0,12.875,77.16666666666667,19.5375,154.75,18.7
2026-07-15 14:00:00,19.4,60,19.2,566.0,13.008333333333333,76.95833333333333,19.7375,154.33333333333334,19.400000000000002
2026-07-15 15:00:00,20.2,58,17.6,484.0,13.129166666666668,76.79166666666667,19.866666666666664,153.75,20.200000000000003
2026-07-15 16:00:00,19.7,62,16.2,353.0,13.25,76.70833333333333,19.95,153.25,19.699999999999996
2026-07-15 17:00:00,18.1,68,16.1,188.0,13.354166666666666,76.625,20.083333333333332,152.875,18.099999999999998
2026-07-15 18:00:00,16.1,73,19.3,37.0,13.470833333333331,76.375,20.295833333333334,152.83333333333334,16.100000000000005
2026-07-15 19:00:00,15.4,74,22.2,0.0,13.600000000000001,76.04166666666667,20.55,152.83333333333334,15.399999999999999
2026-07-15 20:00:00,15.2,74,24.8,0.0,13.745833333333332,75.70833333333333,20.858333333333334,152.83333333333334,15.200000000000001
2026-07-15 21:00:00,14.8,74,25.9,0.0,13.895833333333334,75.375,21.145833333333332,152.83333333333334,14.799999999999999
2026-07-15 22:00:00,14.9,73,28.8,0.0,14.049999999999999,75.0,21.445833333333336,152.83333333333334,14.899999999999999
2026-07-15 23:00:00,14.9,72,29.9,0.0,14.200000000000001,74.58333333333333,21.745833333333334,152.83333333333334,14.899999999999999
2026-07-16 00:00:00,14.9,71,29.2,0.0,14.345833333333333,74.08333333333333,22.016666666666666,152.83333333333334,14.899999999999999
2026-07-16 01:00:00,14.9,69,28.9,0.0,14.5,73.5,22.3,152.83333333333334,14.899999999999999
2026-07-16 02:00:00,14.9,69,28.7,0.0,14.666666666666666,72.875,22.587500000000002,152.83333333333334,14.899999999999999
2026-07-16 03:00:00,15.1,68,28.9,0.0,14.862499999999999,72.16666666666667,22.962499999999995,152.83333333333334,15.100000000000001
2026-07-16 04:00:00,15.3,66,29.1,0.0,15.075000000000001,71.375,23.341666666666665,152.83333333333334,15.300000000000004
2026-07-16 05:00:00,15.2,66,29.7,0.0,15.2875,70.58333333333333,23.683333333333334,152.83333333333334,15.200000000000001
2026-07-16 06:00:00,15.3,65,29.8,0.0,15.504166666666665,69.79166666666667,23.979166666666668,152.83333333333334,15.300000000000004
2026-07-16 07:00:00,15.9,61,30.6,0.0,15.75,68.83333333333333,24.304166666666664,152.83333333333334,15.899999999999999
2026-07-16 08:00:00,15.8,62,30.7,4.0,15.991666666666665,67.95833333333333,24.6125,152.70833333333334,15.800000000000002
2026-07-16 09:00:00,16.8,61,30.1,85.0,16.191666666666666,67.29166666666667,24.9375,150.91666666666666,16.8
2026-07-16 10:00:00,18.1,61,31.3,217.0,16.366666666666667,66.70833333333333,25.42916666666667,147.41666666666666,18.099999999999998
2026-07-16 11:00:00,19.8,60,27.4,373.0,16.533333333333335,66.375,25.679166666666664,144.0,19.799999999999997
2026-07-16 12:00:00,21.4,56,25.9,485.0,16.7,66.04166666666667,25.870833333333334,141.0,21.399999999999995
2026-07-16 13:00:00,20.5,70,25.4,296.0,16.775000000000002,66.375,26.07083333333333,128.66666666666666,20.500000000000004
2026-07-16 14:00:00,18.5,80,37.4,155.0,16.7375,67.20833333333333,26.82916666666667,111.54166666666667,18.5
2026-07-16 15:00:00,20.4,71,32.8,124.0,16.745833333333334,67.75,27.462500000000002,96.54166666666667,20.4
2026-07-16 16:00:00,22.9,59,32.4,243.0,16.879166666666666,67.625,28.1375,91.95833333333333,22.9
2026-07-16 17:00:00,22.5,61,30.0,152.0,17.0625,67.33333333333333,28.716666666666665,90.45833333333333,22.5
2026-07-16 18:00:00,22.5,62,30.9,36.0,17.32916666666667,66.875,29.2,90.41666666666667,22.5
2026-07-16 19:00:00,23.2,57,31.3,0.0,17.654166666666665,66.16666666666667,29.579166666666666,90.41666666666667,23.199999999999996
2026-07-16 20:00:00,22.7,58,31.9,0.0,17.966666666666665,65.5,29.875,90.41666666666667,22.700000000000003
2026-07-16 21:00:00,21.9,63,32.6,0.0,18.2625,65.04166666666667,30.15416666666667,90.41666666666667,21.900000000000002
2026-07-16 22:00:00,22.4,58,33.3,0.0,18.575,64.41666666666667,30.341666666666665,90.41666666666667,22.399999999999995
2026-07-16 23:00:00,22.6,56,33.8,0.0,18.895833333333332,63.75,30.504166666666663,90.41666666666667,22.600000000000005
2026-07-17 00:00:00,22.3,56,34.2,0.0,19.204166666666666,63.125,30.712500000000002,90.41666666666667,22.299999999999997
2026-07-17 01:00:00,22.2,56,34.9,0.0,19.508333333333336,62.583333333333336,30.962499999999995,90.41666666666667,22.199999999999996
2026-07-17 02:00:00,22.2,55,35.4,0.0,19.8125,62.0,31.241666666666664,90.41666666666667,22.199999999999996
2026-07-17 03:00:00,23.2,54,35.0,0.0,20.150000000000002,61.416666666666664,31.495833333333334,90.41666666666667,23.199999999999996
2026-07-17 04:00:00,22.7,55,36.4,0.0,20.458333333333332,60.958333333333336,31.8,90.41666666666667,22.700000000000003
2026-07-17 05:00:00,22.0,59,36.5,0.0,20.741666666666667,60.666666666666664,32.083333333333336,90.41666666666667,21.999999999999996
2026-07-17 06:00:00,21.7,61,37.2,0.0,21.008333333333333,60.5,32.391666666666666,90.41666666666667,21.700000000000003
2026-07-17 07:00:00,21.4,64,37.1,0.0,21.2375,60.625,32.6625,90.41666666666667,21.399999999999995
2026-07-17 08:00:00,21.4,66,34.3,6.0,21.47083333333333,60.791666666666664,32.81249999999999,90.5,21.399999999999995
2026-07-17 09:00:00,22.5,64,32.6,109.0,21.708333333333332,60.916666666666664,32.916666666666664,91.5,22.5
2026-07-17 10:00:00,24.3,60,36.5,261.0,21.966666666666665,60.875,33.13333333333333,93.33333333333333,24.300000000000004
2026-07-17 11:00:00,26.0,57,40.7,385.0,22.224999999999998,60.75,33.6875,93.83333333333333,26.0
2026-07-17 12:00:00,26.4,59,32.7,482.0,22.433333333333334,60.875,33.97083333333333,93.70833333333333,26.399999999999995
2026-07-17 13:00:00,26.8,60,34.5,514.0,22.695833333333336,60.458333333333336,34.35,102.79166666666667,-25673.07303878399
2026-07-17 14:00:00,27.2,59,33.9,482.0,23.058333333333334,59.583333333333336,34.20416666666667,116.41666666666667,-25271.076877329062
2026-07-17 15:00:00,28.4,59,34.9,431.0,23.391666666666666,59.083333333333336,34.291666666666664,129.20833333333334,-26637.377492932268
2026-07-17 16:00:00,28.1,59,38.3,321.0,23.608333333333334,59.083333333333336,34.5375,132.45833333333334,-26292.454303280763
2026-07-17 17:00:00,27.4,63,36.5,173.0,23.8125,59.166666666666664,34.80833333333333,133.33333333333334,-29074.274952139793
2026-07-17 18:00:00,26.5,66,30.3,34.0,23.979166666666668,59.333333333333336,34.78333333333334,133.25,26.5
2026-07-17 19:00:00,26.0,68,29.4,0.0,24.09583333333333,59.791666666666664,34.704166666666666,133.25,26.0
2026-07-17 20:00:00,24.8,73,28.4,0.0,24.183333333333334,60.416666666666664,34.55833333333333,133.25,24.799999999999997
2026-07-17 21:00:00,24.0,72,24.4,0.0,24.270833333333332,60.791666666666664,34.21666666666666,133.25,24.0
2026-07-17 22:00:00,22.8,81,24.0,0.0,24.287499999999998,61.75,33.829166666666666,133.25,22.800000000000004
2026-07-17 23:00:00,23.5,77,25.2,0.0,24.325,62.625,33.47083333333334,133.25,23.5
2026-07-18 00:00:00,23.5,76,28.7,0.0,24.375,63.458333333333336,33.24166666666667,133.25,23.5
2026-07-18 01:00:00,23.3,75,32.0,0.0,24.420833333333334,64.25,33.12083333333333,133.25,23.299999999999997
2026-07-18 02:00:00,20.7,86,25.3,0.0,24.358333333333334,65.54166666666667,32.7,133.25,20.699999999999996
2026-07-18 03:00:00,18.3,96,6.9,0.0,24.15416666666667,67.29166666666667,31.52916666666667,133.25,18.299999999999997
2026-07-18 04:00:00,18.6,97,7.1,0.0,23.98333333333333,69.04166666666667,30.308333333333334,133.25,18.600000000000005
2026-07-18 05:00:00,19.5,92,19.1,0.0,23.879166666666663,70.41666666666667,29.583333333333332,133.25,19.499999999999996
2026-07-18 06:00:00,19.5,93,28.9,0.0,23.787499999999998,71.75,29.2375,133.25,19.499999999999996
2026-07-18 07:00:00,19.1,95,33.0,0.0,23.691666666666666,73.04166666666667,29.066666666666666,133.25,19.099999999999998
2026-07-18 08:00:00,18.6,96,28.3,4.0,23.575,74.29166666666667,28.816666666666666,133.16666666666666,18.600000000000005
2026-07-18 09:00:00,19.5,91,33.4,15.0,23.45,75.41666666666667,28.849999999999998,129.25,19.499999999999996
2026-07-18 10:00:00,21.4,84,28.6,222.0,23.329166666666666,76.41666666666667,28.520833333333332,127.625,21.399999999999995
2026-07-18 11:00:00,19.4,96,23.2,96.0,23.054166666666664,78.04166666666667,27.791666666666668,115.58333333333333,19.400000000000002
2026-07-18 12:00:00,19.7,93,25.9,68.0,22.775000000000002,79.45833333333333,27.508333333333336,98.33333333333333,19.699999999999996
2026-07-18 13:00:00,20.9,91,12.1,340.0,22.529166666666665,80.75,26.575000000000003,91.08333333333333,20.900000000000002
2026-07-18 14:00:00,19.2,99,8.7,141.0,22.195833333333336,82.41666666666667,25.524999999999995,76.875,19.200000000000003
2026-07-18 15:00:00,18.7,92,24.2,79.0,21.791666666666668,83.79166666666667,25.079166666666666,62.208333333333336,18.7
2026-07-18 16:00:00,18.6,93,20.6,76.0,21.395833333333332,85.20833333333333,24.34166666666667,52.0,18.600000000000005
2026-07-18 17:00:00,18.4,96,2.6,55.0,21.020833333333332,86.58333333333333,22.92916666666667,47.083333333333336,18.400000000000002
2026-07-18 18:00:00,17.8,97,14.5,34.0,20.65833333333333,87.875,22.270833333333332,47.083333333333336,17.800000000000004
2026-07-18 19:00:00,18.0,93,16.0,0.0,20.325,88.91666666666667,21.712500000000002,47.083333333333336,18.000000000000004
2026-07-18 20:00:00,17.8,94,9.3,0.0,20.033333333333335,89.79166666666667,20.916666666666668,47.083333333333336,17.800000000000004
2026-07-18 21:00:00,18.6,96,16.6,0.0,19.808333333333334,90.79166666666667,20.59166666666667,47.083333333333336,18.600000000000005
2026-07-18 22:00:00,18.3,93,23.6,0.0,19.620833333333334,91.29166666666667,20.575,47.083333333333336,18.299999999999997
2026-07-18 23:00:00,17.6,94,27.2,0.0,19.375,92.0,20.658333333333335,47.083333333333336,17.6
2026-07-19 00:00:00,17.6,92,25.8,0.0,19.129166666666666,92.66666666666667,20.537499999999998,47.083333333333336,17.6
2026-07-19 01:00:00,18.0,93,19.9,0.0,18.908333333333335,93.41666666666667,20.03333333333333,47.083333333333336,18.000000000000004
2026-07-19 02:00:00,17.4,98,12.2,0.0,18.770833333333332,93.91666666666667,19.4875,47.083333333333336,17.4
2026-07-19 03:00:00,17.8,96,21.7,0.0,18.75,93.91666666666667,20.104166666666668,47.083333333333336,17.800000000000004
2026-07-19 04:00:00,17.6,96,13.6,0.0,18.708333333333332,93.875,20.374999999999996,47.083333333333336,17.6
2026-07-19 05:00:00,18.1,95,18.0,0.0,18.65,94.0,20.329166666666666,47.083333333333336,18.099999999999998
2026-07-19 06:00:00,18.2,95,27.0,0.0,18.595833333333335,94.08333333333333,20.25,47.083333333333336,18.199999999999996
2026-07-19 07:00:00,19.1,92,33.2,0.0,18.595833333333335,93.95833333333333,20.258333333333336,47.083333333333336,19.099999999999998
2026-07-19 08:00:00,19.1,91,32.4,3.0,18.616666666666667,93.75,20.429166666666667,47.041666666666664,19.099999999999998
2026-07-19 09:00:00,17.0,94,8.5,26.0,18.5125,93.875,19.391666666666666,47.5,17.0
2026-07-19 10:00:00,17.7,94,18.0,51.0,18.358333333333334,94.29166666666667,18.95,40.375,17.700000000000003
2026-07-19 11:00:00,18.7,90,34.3,111.0,18.329166666666666,94.04166666666667,19.412499999999998,41.0,18.7
2026-07-19 12:00:00,18.9,89,33.7,104.0,18.295833333333334,93.875,19.7375,42.5,18.899999999999995
2026-07-19 13:00:00,19.1,88,41.1,92.0,18.220833333333335,93.75,20.945833333333333,32.166666666666664,19.099999999999998
2026-07-19 14:00:00,18.6,91,33.2,64.0,18.195833333333336,93.41666666666667,21.96666666666667,28.958333333333332,18.600000000000005
2026-07-19 15:00:00,17.0,91,27.5,211.0,18.125,93.375,22.104166666666668,34.458333333333336,17.0
2026-07-19 16:00:00,17.4,90,27.6,111.0,18.075,93.25,22.395833333333332,35.916666666666664,17.4
2026-07-19 17:00:00,16.8,91,25.0,40.0,18.008333333333333,93.04166666666667,23.329166666666666,35.291666666666664,16.8
2026-07-19 18:00:00,16.7,91,25.0,11.0,17.9625,92.79166666666667,23.766666666666666,34.333333333333336,16.7
2026-07-19 19:00:00,16.6,90,22.9,0.0,17.90416666666667,92.66666666666667,24.054166666666664,34.333333333333336,16.6
2026-07-19 20:00:00,16.8,90,20.7,0.0,17.8625,92.5,24.52916666666667,34.333333333333336,16.8
2026-07-19 21:00:00,16.8,93,13.6,0.0,17.787499999999998,92.375,24.404166666666665,34.333333333333336,16.8
2026-07-19 22:00:00,17.1,93,13.1,0.0,17.7375,92.375,23.966666666666665,34.333333333333336,17.1
2026-07-19 23:00:00,17.5,93,12.8,0.0,17.733333333333334,92.33333333333333,23.36666666666667,34.333333333333336,17.5
2026-07-20 00:00:00,17.9,93,11.2,0.0,17.745833333333334,92.375,22.75833333333333,34.333333333333336,17.9
2026-07-20 01:00:00,17.7,94,11.6,0.0,17.733333333333334,92.41666666666667,22.412499999999998,34.333333333333336,17.700000000000003
2026-07-20 02:00:00,17.2,96,12.8,0.0,17.725,92.33333333333333,22.4375,34.333333333333336,17.199999999999996
2026-07-20 03:00:00,16.6,96,16.2,0.0,17.675,92.33333333333333,22.208333333333332,34.333333333333336,16.6
2026-07-20 04:00:00,16.4,97,8.2,0.0,17.625,92.375,21.983333333333334,34.333333333333336,16.399999999999995
2026-07-20 05:00:00,16.0,97,10.9,0.0,17.5375,92.45833333333333,21.6875,34.333333333333336,16.0
2026-07-20 06:00:00,16.1,97,14.6,0.0,17.45,92.54166666666667,21.17083333333333,34.333333333333336,16.100000000000005
2026-07-20 07:00:00,15.8,97,16.3,0.0,17.3125,92.75,20.466666666666665,34.333333333333336,15.800000000000002
2026-07-20 08:00:00,16.1,96,19.7,5.0,17.1875,92.95833333333333,19.9375,34.416666666666664,16.100000000000005
2026-07-20 09:00:00,16.4,95,14.0,67.0,17.162499999999998,93.0,20.166666666666668,36.125,16.399999999999995
2026-07-20 10:00:00,16.7,96,19.1,37.0,17.120833333333334,93.08333333333333,20.212500000000002,35.541666666666664,16.7
2026-07-20 11:00:00,18.7,91,21.3,309.0,17.120833333333334,93.125,19.670833333333334,43.791666666666664,18.7
2026-07-20 12:00:00,18.6,92,20.1,234.0,17.10833333333333,93.25,19.104166666666668,49.208333333333336,18.600000000000005
2026-07-20 13:00:00,20.1,88,17.7,439.0,17.150000000000002,93.25,18.129166666666666,63.666666666666664,20.100000000000005
2026-07-20 14:00:00,20.2,86,21.0,364.0,17.216666666666665,93.04166666666667,17.620833333333334,76.16666666666667,20.200000000000003
2026-07-20 15:00:00,18.7,92,7.8,321.0,17.287499999999998,93.08333333333333,16.8,80.75,18.7
2026-07-20 16:00:00,19.8,85,9.4,347.0,17.3875,92.875,16.041666666666668,90.58333333333333,19.799999999999997
2026-07-20 17:00:00,19.4,88,5.8,66.0,17.495833333333334,92.75,15.241666666666665,91.66666666666667,19.400000000000002
2026-07-20 18:00:00,18.4,94,8.5,9.0,17.566666666666666,92.875,14.554166666666665,91.58333333333333,18.400000000000002
2026-07-20 19:00:00,17.3,97,5.5,0.0,17.595833333333335,93.16666666666667,13.829166666666666,91.58333333333333,17.299999999999997
2026-07-20 20:00:00,17.0,97,8.7,0.0,17.604166666666668,93.45833333333333,13.329166666666667,91.58333333333333,17.0
2026-07-20 21:00:00,17.4,97,2.5,0.0,17.629166666666666,93.625,12.866666666666667,91.58333333333333,17.4
2026-07-20 22:00:00,17.1,97,8.9,0.0,17.629166666666666,93.79166666666667,12.691666666666668,91.58333333333333,17.1
2026-07-20 23:00:00,17.5,97,9.2,0.0,17.629166666666666,93.95833333333333,12.541666666666666,91.58333333333333,17.5
2026-07-21 00:00:00,18.0,98,10.2,0.0,17.633333333333336,94.16666666666667,12.5,91.58333333333333,18.000000000000004
2026-07-21 01:00:00,18.2,97,10.6,0.0,17.654166666666665,94.29166666666667,12.458333333333334,91.58333333333333,18.199999999999996
2026-07-21 02:00:00,18.3,98,12.1,0.0,17.7,94.375,12.429166666666667,91.58333333333333,18.299999999999997
2026-07-21 03:00:00,17.9,99,11.7,0.0,17.754166666666666,94.5,12.241666666666667,91.58333333333333,17.9
2026-07-21 04:00:00,17.7,100,12.8,0.0,17.808333333333334,94.625,12.433333333333335,91.58333333333333,17.700000000000003
2026-07-21 05:00:00,17.3,99,10.9,0.0,17.8625,94.70833333333333,12.433333333333332,91.58333333333333,17.299999999999997
2026-07-21 06:00:00,17.1,99,8.9,0.0,17.90416666666667,94.79166666666667,12.195833333333333,91.58333333333333,17.1
2026-07-21 07:00:00,16.9,100,9.9,0.0,17.95,94.91666666666667,11.929166666666667,91.58333333333333,16.900000000000002
2026-07-21 08:00:00,16.5,99,6.9,3.0,17.966666666666665,95.04166666666667,11.395833333333334,91.5,16.5
2026-07-21 09:00:00,15.6,99,4.3,49.0,17.933333333333334,95.20833333333333,10.991666666666667,90.75,15.599999999999998
2026-07-21 10:00:00,15.8,98,6.4,49.0,17.895833333333332,95.29166666666667,10.4625,91.25,15.800000000000002
2026-07-21 11:00:00,15.8,97,6.0,42.0,17.775,95.54166666666667,9.825000000000001,80.125,15.800000000000002
2026-07-21 12:00:00,16.5,95,7.3,128.0,17.6875,95.66666666666667,9.291666666666666,75.70833333333333,16.5
2026-07-21 13:00:00,17.5,90,8.8,237.0,17.579166666666666,95.75,8.920833333333333,67.29166666666667,17.5
2026-07-21 14:00:00,17.4,90,4.4,112.0,17.462500000000002,95.91666666666667,8.229166666666666,56.791666666666664,17.4
2026-07-21 15:00:00,17.0,89,13.2,138.0,17.39166666666667,95.79166666666667,8.454166666666667,49.166666666666664,17.0
2026-07-21 16:00:00,16.8,89,11.2,98.0,17.266666666666666,95.95833333333333,8.529166666666667,38.791666666666664,16.8
2026-07-21 17:00:00,16.4,90,12.3,48.0,17.14166666666667,96.04166666666667,8.799999999999999,38.041666666666664,16.399999999999995
2026-07-21 18:00:00,15.9,91,10.7,17.0,17.037499999999998,95.91666666666667,8.891666666666667,38.375,15.899999999999999
2026-07-21 19:00:00,15.6,92,11.0,0.0,16.966666666666665,95.70833333333333,9.120833333333334,38.375,15.599999999999998
2026-07-21 20:00:00,15.5,91,10.3,0.0,16.904166666666665,95.45833333333333,9.1875,38.375,15.5
2026-07-21 21:00:00,15.6,93,11.4,0.0,16.829166666666666,95.29166666666667,9.558333333333334,38.375,15.599999999999998
2026-07-21 22:00:00,15.4,94,9.9,0.0,16.758333333333333,95.16666666666667,9.6,38.375,15.399999999999999
2026-07-21 23:00:00,14.9,97,6.5,0.0,16.65,95.16666666666667,9.4875,38.375,14.899999999999999
2026-07-22 00:00:00,15.0,97,7.7,0.0,16.525,95.125,9.383333333333333,38.375,15.0
2026-07-22 01:00:00,14.8,98,12.2,0.0,16.383333333333333,95.16666666666667,9.450000000000001,38.375,14.799999999999999
2026-07-22 02:00:00,14.2,99,13.9,0.0,16.2125,95.20833333333333,9.525,38.375,14.200000000000001
2026-07-22 03:00:00,14.0,100,13.5,0.0,16.05,95.25,9.6,38.375,14.000000000000002
2026-07-22 04:00:00,14.2,99,8.6,0.0,15.904166666666667,95.20833333333333,9.425,38.375,14.200000000000001
2026-07-22 05:00:00,14.2,99,8.9,0.0,15.775,95.20833333333333,9.341666666666667,38.375,14.200000000000001
2026-07-22 06:00:00,14.3,99,10.6,0.0,15.658333333333331,95.20833333333333,9.4125,38.375,14.300000000000002
2026-07-22 07:00:00,14.4,98,9.4,0.0,15.554166666666667,95.125,9.391666666666666,38.375,14.400000000000002
2026-07-22 08:00:00,14.4,98,10.9,2.0,15.466666666666667,95.08333333333333,9.558333333333334,38.333333333333336,14.400000000000002
2026-07-22 09:00:00,14.5,98,13.0,26.0,15.420833333333333,95.04166666666667,9.920833333333333,37.375,14.5
2026-07-22 10:00:00,14.7,97,15.0,35.0,15.375,95.0,10.279166666666667,36.791666666666664,14.699999999999996
2026-07-22 11:00:00,14.8,96,14.8,67.0,15.333333333333334,94.95833333333333,10.645833333333334,37.833333333333336,14.799999999999999
2026-07-22 12:00:00,15.3,91,15.7,111.0,15.283333333333333,94.79166666666667,10.995833333333335,37.125,15.300000000000004
2026-07-22 13:00:00,15.9,85,15.7,130.0,15.216666666666667,94.58333333333333,11.283333333333333,32.666666666666664,15.899999999999999
2026-07-22 14:00:00,15.9,86,12.6,98.0,15.154166666666667,94.41666666666667,11.625,32.083333333333336,15.899999999999999
2026-07-22 15:00:00,16.1,82,13.8,87.0,15.116666666666665,94.125,11.649999999999999,29.958333333333332,16.100000000000005
2026-07-22 16:00:00,15.1,91,15.0,56.0,15.045833333333334,94.20833333333333,11.808333333333332,28.208333333333332,15.100000000000001
2026-07-22 17:00:00,14.5,94,14.4,68.0,14.966666666666667,94.375,11.895833333333334,29.041666666666668,14.5
2026-07-22 18:00:00,13.7,96,13.8,12.0,14.875,94.58333333333333,12.024999999999999,28.833333333333332,13.699999999999998
2026-07-22 19:00:00,13.0,96,15.0,0.0,14.766666666666666,94.75,12.191666666666665,28.833333333333332,13.0
2026-07-22 20:00:00,12.5,97,21.0,0.0,14.641666666666666,95.0,12.637499999999998,28.833333333333332,12.5
2026-07-22 21:00:00,12.0,97,21.2,0.0,14.491666666666667,95.16666666666667,13.045833333333334,28.833333333333332,12.0
2026-07-22 22:00:00,11.9,96,19.1,0.0,14.345833333333333,95.25,13.429166666666667,28.833333333333332,11.9
2026-07-22 23:00:00,11.6,96,14.9,0.0,14.208333333333334,95.20833333333333,13.779166666666669,28.833333333333332,11.599999999999998
2026-07-23 00:00:00,11.0,97,14.2,0.0,14.041666666666666,95.20833333333333,14.049999999999999,28.833333333333332,10.999999999999998
2026-07-23 01:00:00,10.5,98,15.4,0.0,13.862499999999999,95.20833333333333,14.183333333333332,28.833333333333332,10.5
2026-07-23 02:00:00,10.3,99,17.5,0.0,13.700000000000001,95.20833333333333,14.333333333333334,28.833333333333332,10.299999999999999
2026-07-23 03:00:00,10.7,99,16.7,0.0,13.5625,95.16666666666667,14.466666666666667,28.833333333333332,10.699999999999998
2026-07-23 04:00:00,10.5,98,12.2,0.0,13.408333333333333,95.125,14.616666666666667,28.833333333333332,10.5
2026-07-23 05:00:00,10.3,97,10.1,0.0,13.245833333333332,95.04166666666667,14.666666666666666,28.833333333333332,10.299999999999999
2026-07-23 06:00:00,10.1,98,9.3,0.0,13.070833333333335,95.0,14.612499999999999,28.833333333333332,10.100000000000001
2026-07-23 07:00:00,10.6,97,11.0,0.0,12.9125,94.95833333333333,14.679166666666667,28.833333333333332,10.6
2026-07-23 08:00:00,10.3,98,11.2,7.0,12.741666666666667,94.95833333333333,14.691666666666665,29.041666666666668,10.299999999999999
2026-07-23 09:00:00,11.8,90,16.2,115.0,12.629166666666668,94.625,14.824999999999998,32.75,11.800000000000002
2026-07-23 10:00:00,13.2,79,18.5,232.0,12.566666666666668,93.875,14.970833333333331,40.958333333333336,13.199999999999998
2026-07-23 11:00:00,14.4,71,17.3,297.0,12.550000000000002,92.83333333333333,15.075000000000001,50.541666666666664,14.400000000000002
2026-07-23 12:00:00,15.2,66,15.7,370.0,12.545833333333334,91.79166666666667,15.074999999999998,61.333333333333336,15.200000000000001
2026-07-23 13:00:00,16.0,63,14.4,433.0,12.550000000000002,90.875,15.020833333333334,73.95833333333333,16.0
2026-07-23 14:00:00,16.3,61,13.8,351.0,12.566666666666668,89.83333333333333,15.070833333333335,84.5,16.3
2026-07-23 15:00:00,16.0,64,13.6,290.0,12.5625,89.08333333333333,15.0625,92.95833333333333,16.0
2026-07-23 16:00:00,16.1,63,14.0,212.0,12.604166666666666,87.91666666666667,15.020833333333334,99.45833333333333,16.100000000000005
2026-07-23 17:00:00,15.6,67,12.3,122.0,12.65,86.79166666666667,14.933333333333332,101.70833333333333,15.599999999999998
2026-07-23 18:00:00,14.1,75,12.1,39.0,12.666666666666666,85.91666666666667,14.862500000000002,102.83333333333333,14.099999999999998
2026-07-23 19:00:00,12.9,81,12.4,0.0,12.662500000000001,85.29166666666667,14.754166666666668,102.83333333333333,12.899999999999999
2026-07-23 20:00:00,12.4,82,14.6,0.0,12.658333333333333,84.66666666666667,14.487500000000002,102.83333333333333,12.399999999999999
2026-07-23 21:00:00,12.1,86,16.4,0.0,12.662500000000001,84.20833333333333,14.2875,102.83333333333333,12.100000000000001
2026-07-23 22:00:00,11.2,92,17.3,0.0,12.633333333333333,84.04166666666667,14.2125,102.83333333333333,11.199999999999998
2026-07-23 23:00:00,11.0,93,17.5,0.0,12.608333333333334,83.91666666666667,14.320833333333333,102.83333333333333,10.999999999999998
2026-07-24 00:00:00,11.1,91,16.5,0.0,12.612500000000002,83.66666666666667,14.416666666666666,102.83333333333333,11.099999999999998
2026-07-24 01:00:00,10.6,92,15.9,0.0,12.616666666666667,83.41666666666667,14.4375,102.83333333333333,10.6
2026-07-24 02:00:00,10.5,94,15.9,0.0,12.625,83.20833333333333,14.370833333333335,102.83333333333333,10.5
2026-07-24 03:00:00,11.6,91,16.1,0.0,12.662500000000001,82.875,14.345833333333333,102.83333333333333,11.599999999999998
2026-07-24 04:00:00,11.4,91,15.7,0.0,12.700000000000001,82.58333333333333,14.491666666666665,102.83333333333333,11.400000000000002
2026-07-24 05:00:00,11.1,92,16.0,0.0,12.733333333333334,82.375,14.737499999999999,102.83333333333333,11.099999999999998
2026-07-24 06:00:00,11.1,91,14.7,0.0,12.774999999999999,82.08333333333333,14.9625,102.83333333333333,11.099999999999998
2026-07-24 07:00:00,10.6,94,14.5,0.0,12.775,81.95833333333333,15.108333333333334,102.83333333333333,10.6
2026-07-24 08:00:00,10.9,94,14.0,8.0,12.799999999999999,81.79166666666667,15.225000000000001,102.875,10.900000000000002
2026-07-24 09:00:00,12.6,90,20.3,87.0,12.833333333333334,81.79166666666667,15.395833333333334,101.70833333333333,12.600000000000001
2026-07-24 10:00:00,13.3,87,21.5,137.0,12.8375,82.125,15.520833333333334,97.75,13.299999999999999
2026-07-24 11:00:00,14.0,82,20.2,178.0,12.820833333333335,82.58333333333333,15.641666666666667,92.79166666666667,14.000000000000002
2026-07-24 12:00:00,15.3,76,15.0,266.0,12.824999999999998,83.0,15.612500000000002,88.45833333333333,15.300000000000004
2026-07-24 13:00:00,16.1,73,11.4,288.0,12.829166666666666,83.41666666666667,15.487499999999999,82.41666666666667,16.100000000000005
2026-07-24 14:00:00,16.4,73,8.4,232.0,12.833333333333334,83.91666666666667,15.262499999999998,77.45833333333333,16.399999999999995
2026-07-24 15:00:00,16.5,75,4.6,115.0,12.854166666666666,84.375,14.887500000000001,70.16666666666667,16.5
2026-07-24 16:00:00,16.5,76,6.5,109.0,12.870833333333332,84.91666666666667,14.575000000000001,65.875,16.5
2026-07-24 17:00:00,15.8,85,7.9,85.0,12.879166666666665,85.66666666666667,14.391666666666666,64.33333333333333,15.800000000000002
2026-07-24 18:00:00,14.6,89,17.4,21.0,12.9,86.25,14.612499999999999,63.583333333333336,14.600000000000001
2026-07-24 19:00:00,13.6,90,3.4,0.0,12.929166666666665,86.625,14.237499999999999,63.583333333333336,13.599999999999998
2026-07-24 20:00:00,12.3,96,9.5,0.0,12.924999999999999,87.20833333333333,14.024999999999999,63.583333333333336,12.3
2026-07-24 21:00:00,11.9,95,2.3,0.0,12.916666666666666,87.58333333333333,13.4375,63.583333333333336,11.9
2026-07-24 22:00:00,12.2,95,1.3,0.0,12.958333333333334,87.70833333333333,12.770833333333334,63.583333333333336,12.200000000000001
2026-07-24 23:00:00,12.9,95,1.3,0.0,13.0375,87.79166666666667,12.095833333333333,63.583333333333336,12.899999999999999
2026-07-25 00:00:00,13.1,95,1.3,0.0,13.120833333333332,87.95833333333333,11.462499999999999,63.583333333333336,13.1
2026-07-25 01:00:00,13.2,96,3.9,0.0,13.229166666666666,88.125,10.9625,63.583333333333336,13.199999999999998
2026-07-25 02:00:00,12.9,96,1.5,0.0,13.329166666666666,88.20833333333333,10.3625,63.583333333333336,12.899999999999999
2026-07-25 03:00:00,13.2,95,4.1,0.0,13.395833333333334,88.375,9.8625,63.583333333333336,13.199999999999998
2026-07-25 04:00:00,11.7,97,5.2,0.0,13.408333333333333,88.625,9.424999999999999,63.583333333333336,11.700000000000001
2026-07-25 05:00:00,11.0,98,4.0,0.0,13.404166666666667,88.875,8.924999999999999,63.583333333333336,10.999999999999998
2026-07-25 06:00:00,10.6,99,5.9,0.0,13.383333333333333,89.20833333333333,8.558333333333334,63.583333333333336,10.6
2026-07-25 07:00:00,11.5,99,7.6,0.0,13.420833333333333,89.41666666666667,8.270833333333334,63.583333333333336,11.500000000000002
2026-07-25 08:00:00,12.0,98,8.0,8.0,13.466666666666667,89.58333333333333,8.020833333333334,63.583333333333336,12.0
2026-07-25 09:00:00,12.8,98,7.2,69.0,13.475,89.91666666666667,7.4750000000000005,62.833333333333336,12.799999999999999
2026-07-25 10:00:00,13.9,96,4.9,134.0,13.5,90.29166666666667,6.783333333333332,62.708333333333336,13.900000000000002
2026-07-25 11:00:00,15.2,91,5.1,222.0,13.549999999999999,90.66666666666667,6.154166666666668,64.54166666666667,15.200000000000001
2026-07-25 12:00:00,16.9,82,3.3,339.0,13.616666666666665,90.91666666666667,5.666666666666667,67.58333333333333,16.900000000000002
2026-07-25 13:00:00,17.7,78,3.9,296.0,13.683333333333332,91.125,5.354166666666667,67.91666666666667,17.700000000000003
2026-07-25 14:00:00,18.5,76,4.9,345.0,13.770833333333334,91.25,5.208333333333333,72.625,18.5
2026-07-25 15:00:00,18.6,75,8.5,245.0,13.858333333333334,91.25,5.370833333333334,78.04166666666667,18.600000000000005
2026-07-25 16:00:00,18.3,76,9.3,218.0,13.933333333333335,91.25,5.4875,82.58333333333333,18.299999999999997
2026-07-25 17:00:00,17.7,78,12.0,115.0,14.012500000000001,90.95833333333333,5.658333333333334,83.83333333333333,17.700000000000003
2026-07-25 18:00:00,16.0,86,12.4,40.0,14.070833333333333,90.83333333333333,5.45,84.625,16.0
2026-07-25 19:00:00,15.3,90,12.8,0.0,14.141666666666667,90.83333333333333,5.841666666666666,84.625,15.300000000000004
2026-07-25 20:00:00,15.0,91,12.7,0.0,14.254166666666668,90.625,5.9750000000000005,84.625,15.0
2026-07-25 21:00:00,15.1,93,13.2,0.0,14.387499999999998,90.54166666666667,6.429166666666666,84.625,15.100000000000001
2026-07-25 22:00:00,15.1,93,13.5,0.0,14.508333333333333,90.45833333333333,6.9375,84.625,15.100000000000001
2026-07-25 23:00:00,14.9,93,15.4,0.0,14.591666666666667,90.375,7.5249999999999995,84.625,14.899999999999999
2026-07-26 00:00:00,15.0,94,17.6,0.0,14.670833333333333,90.33333333333333,8.204166666666667,84.625,15.0
2026-07-26 01:00:00,15.3,93,19.6,0.0,14.758333333333333,90.20833333333333,8.858333333333334,84.625,15.300000000000004
2026-07-26 02:00:00,15.3,93,20.6,0.0,14.858333333333333,90.08333333333333,9.654166666666667,84.625,15.300000000000004
2026-07-26 03:00:00,15.9,93,20.3,0.0,14.970833333333331,90.0,10.329166666666667,84.625,15.899999999999999
2026-07-26 04:00:00,15.9,93,18.5,0.0,15.145833333333334,89.83333333333333,10.883333333333333,84.625,15.899999999999999
2026-07-26 05:00:00,15.8,93,14.6,0.0,15.345833333333333,89.625,11.325000000000001,84.625,15.800000000000002
2026-07-26 06:00:00,15.3,95,4.3,0.0,15.54166666666667,89.45833333333333,11.258333333333335,84.625,15.300000000000004
2026-07-26 07:00:00,14.9,95,1.5,0.0,15.683333333333335,89.29166666666667,11.004166666666668,84.625,14.899999999999999
2026-07-26 08:00:00,14.6,97,4.6,9.0,15.79166666666667,89.25,10.862499999999999,84.66666666666667,14.600000000000001
2026-07-26 09:00:00,16.1,96,4.8,36.0,15.929166666666667,89.16666666666667,10.762500000000001,83.29166666666667,16.100000000000005
2026-07-26 10:00:00,17.3,92,3.9,257.0,16.070833333333333,89.0,10.720833333333333,88.41666666666667,17.299999999999997
2026-07-26 11:00:00,17.0,94,6.5,101.0,16.145833333333332,89.125,10.779166666666667,83.375,17.0
2026-07-26 12:00:00,17.4,91,8.0,194.0,16.166666666666668,89.5,10.975,77.33333333333333,17.4
2026-07-26 13:00:00,18.7,84,7.0,328.0,16.208333333333332,89.75,11.104166666666666,78.66666666666667,18.7
2026-07-26 14:00:00,18.7,84,8.9,219.0,16.21666666666667,90.08333333333333,11.270833333333334,73.41666666666667,18.7
2026-07-26 15:00:00,18.2,85,7.9,161.0,16.2,90.5,11.245833333333332,69.91666666666667,18.199999999999996
2026-07-26 16:00:00,17.8,87,5.5,80.0,16.179166666666667,90.95833333333333,11.0875,64.16666666666667,17.800000000000004
2026-07-26 17:00:00,18.0,85,4.0,87.0,16.191666666666666,91.25,10.754166666666668,63.0,18.000000000000004
2026-07-26 18:00:00,17.1,91,2.4,20.0,16.2375,91.45833333333333,10.3375,62.166666666666664,17.1
2026-07-26 19:00:00,16.5,92,1.5,0.0,16.287499999999998,91.54166666666667,9.866666666666667,62.166666666666664,16.5
2026-07-26 20:00:00,16.3,94,2.2,0.0,16.341666666666665,91.66666666666667,9.429166666666667,62.166666666666664,16.3
2026-07-26 21:00:00,16.1,96,1.0,0.0,16.383333333333336,91.79166666666667,8.920833333333334,62.166666666666664,16.100000000000005
2026-07-26 22:00:00,14.8,100,0.9,0.0,16.370833333333334,92.08333333333333,8.395833333333334,62.166666666666664,14.799999999999999
2026-07-26 23:00:00,14.1,100,3.4,0.0,16.337500000000002,92.375,7.895833333333333,62.166666666666664,14.099999999999998
2026-07-27 00:00:00,14.3,99,7.9,0.0,16.308333333333334,92.58333333333333,7.491666666666667,62.166666666666664,14.300000000000002
2026-07-27 01:00:00,14.4,100,5.2,0.0,16.270833333333332,92.875,6.891666666666666,62.166666666666664,14.400000000000002
2026-07-27 02:00:00,14.6,99,7.2,0.0,16.241666666666667,93.125,6.333333333333333,62.166666666666664,14.600000000000001
2026-07-27 03:00:00,15.3,99,8.6,0.0,16.216666666666665,93.375,5.845833333333334,62.166666666666664,15.300000000000004
2026-07-27 04:00:00,15.3,99,10.0,0.0,16.191666666666666,93.625,5.491666666666667,62.166666666666664,15.300000000000004
2026-07-27 05:00:00,15.5,99,11.2,0.0,16.179166666666667,93.875,5.3500000000000005,62.166666666666664,15.5
2026-07-27 06:00:00,15.9,98,12.3,0.0,16.204166666666666,94.0,5.683333333333334,62.166666666666664,15.899999999999999
2026-07-27 07:00:00,16.0,97,12.6,0.0,16.25,94.08333333333333,6.145833333333333,62.166666666666664,16.0
2026-07-27 08:00:00,16.0,97,14.1,5.0,16.308333333333334,94.08333333333333,6.541666666666667,62.0,16.0
2026-07-27 09:00:00,16.0,97,12.8,60.0,16.304166666666667,94.125,6.875,63.0,16.0
2026-07-27 10:00:00,16.9,94,16.2,157.0,16.287499999999998,94.20833333333333,7.387499999999999,58.833333333333336,16.900000000000002
2026-07-27 11:00:00,18.2,89,16.6,195.0,16.337500000000002,94.0,7.808333333333334,62.75,18.199999999999996
2026-07-27 12:00:00,19.5,86,20.0,254.0,16.425,93.79166666666667,8.308333333333334,65.25,19.499999999999996
2026-07-27 13:00:00,19.0,93,14.0,201.0,16.4375,94.16666666666667,8.6,59.958333333333336,19.0
2026-07-27 14:00:00,18.9,96,11.0,165.0,16.445833333333333,94.66666666666667,8.6875,57.708333333333336,18.899999999999995
2026-07-27 15:00:00,18.9,95,17.6,287.0,16.474999999999998,95.08333333333333,9.091666666666667,62.958333333333336,18.899999999999995
2026-07-27 16:00:00,18.1,95,24.0,34.0,16.4875,95.41666666666667,9.8625,61.041666666666664,18.099999999999998
2026-07-27 17:00:00,17.8,95,21.5,8.0,16.479166666666668,95.83333333333333,10.591666666666667,57.75,17.800000000000004
2026-07-27 18:00:00,17.3,93,21.0,5.0,16.4875,95.91666666666667,11.366666666666667,57.125,17.299999999999997
2026-07-27 19:00:00,17.3,96,22.5,0.0,16.520833333333332,96.08333333333333,12.241666666666667,57.125,17.299999999999997
2026-07-27 20:00:00,17.3,96,23.0,0.0,16.5625,96.16666666666667,13.108333333333334,57.125,17.299999999999997
2026-07-27 21:00:00,17.8,96,17.8,0.0,16.633333333333333,96.16666666666667,13.808333333333335,57.125,17.800000000000004
2026-07-27 22:00:00,17.3,94,1.0,0.0,16.7375,95.91666666666667,13.8125,57.125,17.299999999999997
2026-07-27 23:00:00,17.2,97,16.0,0.0,16.866666666666667,95.79166666666667,14.3375,57.125,17.199999999999996
